{
  "model": "tfidf_svm",
  "train_variant": "dialect",
  "test_set": "bidwesh_chittagong",
  "seed": 43,
  "tag": "full",
  "labels": [
    "not_hate",
    "hate"
  ],
  "n": 1494,
  "accuracy": 0.8427041499330656,
  "precision_macro": 0.8428225611232147,
  "recall_macro": 0.8426388570281584,
  "f1_macro": 0.8426668614528209,
  "f1_weighted": 0.8426830738355361,
  "f1_not_hate": 0.8450889914304548,
  "f1_hate": 0.840244731475187,
  "confusion_matrix": [
    [
      641,
      111
    ],
    [
      124,
      618
    ]
  ]
}