{
  "model": "banglabert-adapt500",
  "train_variant": "augmented",
  "test_set": "bidwesh_chittagong",
  "seed": 43,
  "tag": "full",
  "labels": [
    "not_hate",
    "hate"
  ],
  "n": 1494,
  "accuracy": 0.856091030789826,
  "precision_macro": 0.8566776150977008,
  "recall_macro": 0.8559546510294203,
  "f1_macro": 0.8559928985010188,
  "f1_weighted": 0.856018060626354,
  "f1_not_hate": 0.8597521200260926,
  "f1_hate": 0.852233676975945,
  "confusion_matrix": [
    [
      659,
      93
    ],
    [
      122,
      620
    ]
  ]
}