{
  "model": "banglabert_smoke",
  "train_variant": "clean",
  "test_set": "bidwesh_barishal",
  "tag": "smoke",
  "labels": [
    "not_hate",
    "hate"
  ],
  "n": 164,
  "accuracy": 0.5182926829268293,
  "precision_macro": 0.5098684210526316,
  "recall_macro": 0.502680565897245,
  "f1_macro": 0.39926739926739924,
  "f1_weighted": 0.4090502992942017,
  "f1_not_hate": 0.6666666666666666,
  "f1_hate": 0.13186813186813187,
  "confusion_matrix": [
    [
      79,
      6
    ],
    [
      73,
      6
    ]
  ]
}