{
  "model": "banglabert",
  "train_variant": "augmented",
  "test_set": "clean",
  "seed": 44,
  "tag": "full",
  "labels": [
    "not_hate",
    "hate"
  ],
  "n": 5028,
  "accuracy": 0.9260143198090692,
  "precision_macro": 0.92615562805976,
  "recall_macro": 0.9267869004999847,
  "f1_macro": 0.9259946363979511,
  "f1_weighted": 0.9260416845513554,
  "f1_not_hate": 0.9272015655577299,
  "f1_hate": 0.9247877072381723,
  "confusion_matrix": [
    [
      2369,
      243
    ],
    [
      129,
      2287
    ]
  ]
}