{
  "model": "muril-base-cased",
  "train_variant": "augmented",
  "test_set": "bidwesh_noakhali",
  "seed": 42,
  "tag": "full",
  "labels": [
    "not_hate",
    "hate"
  ],
  "n": 1475,
  "accuracy": 0.8976271186440677,
  "precision_macro": 0.8994369057509461,
  "recall_macro": 0.8977889073973973,
  "f1_macro": 0.897535940053982,
  "f1_weighted": 0.8975214343691956,
  "f1_not_hate": 0.8944793850454228,
  "f1_hate": 0.9005924950625411,
  "confusion_matrix": [
    [
      640,
      101
    ],
    [
      50,
      684
    ]
  ]
}