{
  "model": "xlm-roberta-base",
  "train_variant": "aug_dia",
  "test_set": "clean",
  "seed": 43,
  "tag": "full",
  "labels": [
    "not_hate",
    "hate"
  ],
  "n": 5028,
  "accuracy": 0.9166666666666666,
  "precision_macro": 0.9167977985974936,
  "recall_macro": 0.9174172565743436,
  "f1_macro": 0.916643952188612,
  "f1_weighted": 0.9166975911970302,
  "f1_not_hate": 0.918019956955586,
  "f1_hate": 0.915267947421638,
  "confusion_matrix": [
    [
      2346,
      266
    ],
    [
      153,
      2263
    ]
  ]
}