{
  "model": "tfidf_svm",
  "train_variant": "dialect",
  "test_set": "augmented",
  "seed": 42,
  "tag": "full",
  "labels": [
    "not_hate",
    "hate"
  ],
  "n": 5028,
  "accuracy": 0.8784805091487669,
  "precision_macro": 0.8793143802458206,
  "recall_macro": 0.8775113333265723,
  "f1_macro": 0.8780550221642687,
  "f1_weighted": 0.8783358149217152,
  "f1_not_hate": 0.8852582159624414,
  "f1_hate": 0.870851828366096,
  "confusion_matrix": [
    [
      2357,
      255
    ],
    [
      356,
      2060
    ]
  ]
}