{
  "model": "banglabert-adaptfull",
  "train_variant": "augmented",
  "test_set": "bidwesh_noakhali",
  "seed": 42,
  "tag": "full",
  "labels": [
    "not_hate",
    "hate"
  ],
  "n": 1475,
  "accuracy": 0.9044067796610169,
  "precision_macro": 0.9059590711679034,
  "recall_macro": 0.9045558509562526,
  "f1_macro": 0.9043364266740264,
  "f1_weighted": 0.9043241149013029,
  "f1_not_hate": 0.9017421602787457,
  "f1_hate": 0.906930693069307,
  "confusion_matrix": [
    [
      647,
      94
    ],
    [
      47,
      687
    ]
  ]
}