{
  "model": "xlm-roberta-base",
  "train_variant": "augmented",
  "test_set": "bidwesh_heldout",
  "seed": 43,
  "tag": "full",
  "labels": [
    "not_hate",
    "hate"
  ],
  "n": 4408,
  "accuracy": 0.8843012704174229,
  "precision_macro": 0.8846124376842901,
  "recall_macro": 0.8844528005415542,
  "f1_macro": 0.884296601899774,
  "f1_weighted": 0.8842892656577542,
  "f1_not_hate": 0.8835616438356164,
  "f1_hate": 0.8850315599639315,
  "confusion_matrix": [
    [
      1935,
      291
    ],
    [
      219,
      1963
    ]
  ]
}