{
  "model": "banglabert",
  "train_variant": "dialect",
  "test_set": "bidwesh_heldout",
  "seed": 44,
  "tag": "full",
  "labels": [
    "not_hate",
    "hate"
  ],
  "n": 4408,
  "accuracy": 0.8972323049001815,
  "precision_macro": 0.8975606666508755,
  "recall_macro": 0.8973873882776915,
  "f1_macro": 0.8972278566599053,
  "f1_weighted": 0.8972211076056933,
  "f1_not_hate": 0.896551724137931,
  "f1_hate": 0.8979039891818796,
  "confusion_matrix": [
    [
      1963,
      263
    ],
    [
      190,
      1992
    ]
  ]
}