{
  "model": "banglabert-adapt1000",
  "train_variant": "augmented",
  "test_set": "bidwesh_heldout",
  "seed": 44,
  "tag": "full",
  "labels": [
    "not_hate",
    "hate"
  ],
  "n": 4408,
  "accuracy": 0.8897459165154264,
  "precision_macro": 0.8901245859494735,
  "recall_macro": 0.8899115774494084,
  "f1_macro": 0.8897393566461553,
  "f1_weighted": 0.8897308674035692,
  "f1_not_hate": 0.8888888888888888,
  "f1_hate": 0.8905898244034219,
  "confusion_matrix": [
    [
      1944,
      282
    ],
    [
      204,
      1978
    ]
  ]
}