{
  "model": "banglabert-adapt500",
  "train_variant": "augmented",
  "test_set": "bidwesh_chittagong",
  "seed": 44,
  "tag": "full",
  "labels": [
    "not_hate",
    "hate"
  ],
  "n": 1494,
  "accuracy": 0.8480589022757697,
  "precision_macro": 0.8570356731875719,
  "recall_macro": 0.847527886104261,
  "f1_macro": 0.8469529632786936,
  "f1_weighted": 0.8470400450894869,
  "f1_not_hate": 0.8599629858112277,
  "f1_hate": 0.8339429407461595,
  "confusion_matrix": [
    [
      697,
      55
    ],
    [
      172,
      570
    ]
  ]
}