{
  "model": "banglabert",
  "train_variant": "clean",
  "test_set": "bidwesh_heldout",
  "seed": 44,
  "tag": "full",
  "labels": [
    "not_hate",
    "hate"
  ],
  "n": 4408,
  "accuracy": 0.8827132486388385,
  "precision_macro": 0.8831603714736145,
  "recall_macro": 0.8825452962777212,
  "f1_macro": 0.8826361213315999,
  "f1_weighted": 0.882666153203445,
  "f1_not_hate": 0.8856447688564477,
  "f1_hate": 0.879627473806752,
  "confusion_matrix": [
    [
      2002,
      224
    ],
    [
      293,
      1889
    ]
  ]
}