{
  "model": "muril-base-cased",
  "train_variant": "augmented",
  "test_set": "clean",
  "seed": 44,
  "tag": "full",
  "labels": [
    "not_hate",
    "hate"
  ],
  "n": 5028,
  "accuracy": 0.9220365950676214,
  "precision_macro": 0.9220523680293257,
  "recall_macro": 0.9226944159913999,
  "f1_macro": 0.9220081634823767,
  "f1_weighted": 0.9220662113022512,
  "f1_not_hate": 0.9234972677595629,
  "f1_hate": 0.9205190592051906,
  "confusion_matrix": [
    [
      2366,
      246
    ],
    [
      146,
      2270
    ]
  ]
}