{
  "model": "banglabert",
  "train_variant": "augmented",
  "test_set": "bidwesh_noakhali",
  "seed": 44,
  "tag": "full",
  "labels": [
    "not_hate",
    "hate"
  ],
  "n": 1475,
  "accuracy": 0.8983050847457628,
  "precision_macro": 0.9006684709466555,
  "recall_macro": 0.8984894115397486,
  "f1_macro": 0.8981833610673421,
  "f1_weighted": 0.8981666538957941,
  "f1_not_hate": 0.8946629213483146,
  "f1_hate": 0.9017038007863696,
  "confusion_matrix": [
    [
      637,
      104
    ],
    [
      46,
      688
    ]
  ]
}