{
  "model": "tfidf_lr",
  "train_variant": "augmented",
  "test_set": "bidwesh_heldout",
  "seed": 42,
  "tag": "full",
  "labels": [
    "not_hate",
    "hate"
  ],
  "n": 4408,
  "accuracy": 0.8632032667876588,
  "precision_macro": 0.8636401320116223,
  "recall_macro": 0.8630288408879974,
  "f1_macro": 0.8631100951067245,
  "f1_weighted": 0.8631457434020384,
  "f1_not_hate": 0.866681406146363,
  "f1_hate": 0.859538784067086,
  "confusion_matrix": [
    [
      1960,
      266
    ],
    [
      337,
      1845
    ]
  ]
}