{
  "model": "banglabert",
  "train_variant": "aug_dia",
  "test_set": "bidwesh_barishal",
  "seed": 42,
  "tag": "full",
  "labels": [
    "not_hate",
    "hate"
  ],
  "n": 1439,
  "accuracy": 0.9117442668519805,
  "precision_macro": 0.9125950138289848,
  "recall_macro": 0.9122218829831226,
  "f1_macro": 0.9117381290335979,
  "f1_weighted": 0.9117243189422368,
  "f1_not_hate": 0.9110021023125437,
  "f1_hate": 0.912474155754652,
  "confusion_matrix": [
    [
      650,
      83
    ],
    [
      44,
      662
    ]
  ]
}