{
  "model": "banglabert-adapt1000",
  "train_variant": "augmented",
  "test_set": "bidwesh_chittagong",
  "seed": 43,
  "tag": "full",
  "labels": [
    "not_hate",
    "hate"
  ],
  "n": 1494,
  "accuracy": 0.8621151271753681,
  "precision_macro": 0.862193967557334,
  "recall_macro": 0.8620641452084647,
  "f1_macro": 0.8620904125941686,
  "f1_weighted": 0.8621027698847683,
  "f1_not_hate": 0.8639365918097754,
  "f1_hate": 0.8602442333785617,
  "confusion_matrix": [
    [
      654,
      98
    ],
    [
      108,
      634
    ]
  ]
}