{
  "model": "xlm-roberta-base",
  "train_variant": "aug_dia",
  "test_set": "bidwesh_chittagong",
  "seed": 42,
  "tag": "full",
  "labels": [
    "not_hate",
    "hate"
  ],
  "n": 1494,
  "accuracy": 0.8661311914323963,
  "precision_macro": 0.8670938820081037,
  "recall_macro": 0.8663044101622985,
  "f1_macro": 0.8660771911707758,
  "f1_weighted": 0.8660591910835689,
  "f1_not_hate": 0.8633879781420765,
  "f1_hate": 0.868766404199475,
  "confusion_matrix": [
    [
      632,
      120
    ],
    [
      80,
      662
    ]
  ]
}