{
  "model": "muril-base-cased",
  "train_variant": "clean",
  "test_set": "bidwesh_noakhali",
  "seed": 42,
  "tag": "full",
  "labels": [
    "not_hate",
    "hate"
  ],
  "n": 1475,
  "accuracy": 0.8813559322033898,
  "precision_macro": 0.8838743988161302,
  "recall_macro": 0.8815495298716294,
  "f1_macro": 0.8811966996040428,
  "f1_weighted": 0.8811760583411644,
  "f1_not_hate": 0.8768472906403941,
  "f1_hate": 0.8855461085676913,
  "confusion_matrix": [
    [
      623,
      118
    ],
    [
      57,
      677
    ]
  ]
}