{
  "model": "banglabert-adaptfull",
  "train_variant": "augmented",
  "test_set": "clean",
  "seed": 42,
  "tag": "full",
  "labels": [
    "not_hate",
    "hate"
  ],
  "n": 5028,
  "accuracy": 0.9317820206841687,
  "precision_macro": 0.9316699597003564,
  "recall_macro": 0.9323071432917862,
  "f1_macro": 0.9317463155028153,
  "f1_weighted": 0.931807169551035,
  "f1_not_hate": 0.933307408127552,
  "f1_hate": 0.9301852228780786,
  "confusion_matrix": [
    [
      2400,
      212
    ],
    [
      131,
      2285
    ]
  ]
}