{
  "model": "banglabert",
  "train_variant": "aug_dia",
  "test_set": "clean",
  "seed": 44,
  "tag": "full",
  "labels": [
    "not_hate",
    "hate"
  ],
  "n": 5028,
  "accuracy": 0.9250198886237072,
  "precision_macro": 0.924851586910373,
  "recall_macro": 0.9254415433607497,
  "f1_macro": 0.924972021189286,
  "f1_weighted": 0.9250458953400463,
  "f1_not_hate": 0.9268671193016489,
  "f1_hate": 0.9230769230769231,
  "confusion_matrix": [
    [
      2389,
      223
    ],
    [
      154,
      2262
    ]
  ]
}