{
  "model": "xlm-roberta-base",
  "train_variant": "augmented",
  "test_set": "clean",
  "seed": 43,
  "tag": "full",
  "labels": [
    "not_hate",
    "hate"
  ],
  "n": 5028,
  "accuracy": 0.9154733492442323,
  "precision_macro": 0.9154971996872877,
  "recall_macro": 0.9161289463809418,
  "f1_macro": 0.9154431632558699,
  "f1_weighted": 0.9155054417160702,
  "f1_not_hate": 0.9170407964083545,
  "f1_hate": 0.9138455301033853,
  "confusion_matrix": [
    [
      2349,
      263
    ],
    [
      162,
      2254
    ]
  ]
}