{
  "model": "banglabert-adapt1000",
  "train_variant": "augmented",
  "test_set": "bidwesh_barishal",
  "seed": 42,
  "tag": "full",
  "labels": [
    "not_hate",
    "hate"
  ],
  "n": 1439,
  "accuracy": 0.9131341209173037,
  "precision_macro": 0.9137839363672571,
  "recall_macro": 0.9135600524059997,
  "f1_macro": 0.9131314360611149,
  "f1_weighted": 0.9131223746714777,
  "f1_not_hate": 0.9126484975541579,
  "f1_hate": 0.9136143745680718,
  "confusion_matrix": [
    [
      653,
      80
    ],
    [
      45,
      661
    ]
  ]
}