{
  "model": "banglabert",
  "train_variant": "augmented",
  "test_set": "bidwesh_heldout",
  "seed": 43,
  "tag": "full",
  "labels": [
    "not_hate",
    "hate"
  ],
  "n": 4408,
  "accuracy": 0.8901996370235935,
  "precision_macro": 0.8901886957159081,
  "recall_macro": 0.8901886957159081,
  "f1_macro": 0.8901886957159081,
  "f1_weighted": 0.8901996370235935,
  "f1_not_hate": 0.8912848158131177,
  "f1_hate": 0.8890925756186985,
  "confusion_matrix": [
    [
      1984,
      242
    ],
    [
      242,
      1940
    ]
  ]
}