{
  "model": "banglabert-adapt1000",
  "train_variant": "augmented",
  "test_set": "augmented",
  "seed": 43,
  "tag": "full",
  "labels": [
    "not_hate",
    "hate"
  ],
  "n": 5028,
  "accuracy": 0.9154733492442323,
  "precision_macro": 0.9153037770468664,
  "recall_macro": 0.9158804752390901,
  "f1_macro": 0.9154193872823515,
  "f1_weighted": 0.9155026671605296,
  "f1_not_hate": 0.9175557710960233,
  "f1_hate": 0.9132830034686799,
  "confusion_matrix": [
    [
      2365,
      247
    ],
    [
      178,
      2238
    ]
  ]
}