{
  "model": "banglabert",
  "train_variant": "clean",
  "test_set": "bidwesh_chittagong",
  "seed": 43,
  "tag": "full",
  "labels": [
    "not_hate",
    "hate"
  ],
  "n": 1494,
  "accuracy": 0.8313253012048193,
  "precision_macro": 0.8406012401269654,
  "recall_macro": 0.830771133222458,
  "f1_macro": 0.8299982118763919,
  "f1_weighted": 0.8300987489467273,
  "f1_not_hate": 0.8450184501845018,
  "f1_hate": 0.8149779735682819,
  "confusion_matrix": [
    [
      687,
      65
    ],
    [
      187,
      555
    ]
  ]
}