{
  "model": "tfidf_lr",
  "train_variant": "augmented",
  "test_set": "bidwesh_barishal",
  "seed": 43,
  "tag": "full",
  "labels": [
    "not_hate",
    "hate"
  ],
  "n": 1439,
  "accuracy": 0.8943710910354413,
  "precision_macro": 0.8945341662959596,
  "recall_macro": 0.8941773688014253,
  "f1_macro": 0.8942934467427025,
  "f1_weighted": 0.8943472004838293,
  "f1_not_hate": 0.8971583220568335,
  "f1_hate": 0.8914285714285715,
  "confusion_matrix": [
    [
      663,
      70
    ],
    [
      82,
      624
    ]
  ]
}