{
  "model": "banglabert",
  "train_variant": "dialect",
  "test_set": "augmented",
  "seed": 43,
  "tag": "full",
  "labels": [
    "not_hate",
    "hate"
  ],
  "n": 5028,
  "accuracy": 0.9049323786793954,
  "precision_macro": 0.9075948751019017,
  "recall_macro": 0.9034366347879882,
  "f1_macro": 0.9044147674241577,
  "f1_weighted": 0.9046889614944998,
  "f1_not_hate": 0.9114486846980363,
  "f1_hate": 0.8973808501502791,
  "confusion_matrix": [
    [
      2460,
      152
    ],
    [
      326,
      2090
    ]
  ]
}