{
  "model": "banglabert",
  "train_variant": "dialect",
  "test_set": "clean",
  "seed": 42,
  "tag": "full",
  "labels": [
    "not_hate",
    "hate"
  ],
  "n": 5028,
  "accuracy": 0.926412092283214,
  "precision_macro": 0.9265534166463605,
  "recall_macro": 0.9271852783383873,
  "f1_macro": 0.9263925146968868,
  "f1_weighted": 0.9264393099032298,
  "f1_not_hate": 0.9275929549902152,
  "f1_hate": 0.9251920744035584,
  "confusion_matrix": [
    [
      2370,
      242
    ],
    [
      128,
      2288
    ]
  ]
}