{
  "model": "banglabert-adapt250",
  "train_variant": "augmented",
  "test_set": "bidwesh_barishal",
  "seed": 43,
  "tag": "full",
  "labels": [
    "not_hate",
    "hate"
  ],
  "n": 1439,
  "accuracy": 0.9082696316886727,
  "precision_macro": 0.9091702161407256,
  "recall_macro": 0.9087590676678943,
  "f1_macro": 0.9082621445875303,
  "f1_weighted": 0.9082465944543883,
  "f1_not_hate": 0.9074333800841514,
  "f1_hate": 0.9090909090909091,
  "confusion_matrix": [
    [
      647,
      86
    ],
    [
      46,
      660
    ]
  ]
}