{
  "model": "banglabert",
  "train_variant": "augmented",
  "test_set": "clean",
  "tag": "full",
  "labels": [
    "not_hate",
    "hate"
  ],
  "n": 5028,
  "accuracy": 0.9226332537788385,
  "precision_macro": 0.9227843859094762,
  "recall_macro": 0.9234084535967465,
  "f1_macro": 0.9226131699478951,
  "f1_weighted": 0.9226617678598075,
  "f1_not_hate": 0.9238598551575651,
  "f1_hate": 0.9213664847382251,
  "confusion_matrix": [
    [
      2360,
      252
    ],
    [
      137,
      2279
    ]
  ]
}