{
  "model": "xlm-roberta-base",
  "train_variant": "aug_dia",
  "test_set": "augmented",
  "seed": 42,
  "tag": "full",
  "labels": [
    "not_hate",
    "hate"
  ],
  "n": 5028,
  "accuracy": 0.903739061256961,
  "precision_macro": 0.9037710951270375,
  "recall_macro": 0.9043845648712514,
  "f1_macro": 0.9037054049019094,
  "f1_weighted": 0.9037755819826553,
  "f1_not_hate": 0.9055056618508395,
  "f1_hate": 0.9019051479529794,
  "confusion_matrix": [
    [
      2319,
      293
    ],
    [
      191,
      2225
    ]
  ]
}