{
  "model": "tfidf_svm",
  "train_variant": "augmented",
  "test_set": "bidwesh_barishal",
  "seed": 44,
  "tag": "full",
  "labels": [
    "not_hate",
    "hate"
  ],
  "n": 1439,
  "accuracy": 0.8832522585128562,
  "precision_macro": 0.8835310053253569,
  "recall_macro": 0.8835502745904331,
  "f1_macro": 0.8832522021325915,
  "f1_weighted": 0.8832537243997355,
  "f1_not_hate": 0.8833333333333333,
  "f1_hate": 0.8831710709318498,
  "confusion_matrix": [
    [
      636,
      97
    ],
    [
      71,
      635
    ]
  ]
}