{
  "model": "tfidf_lr",
  "train_variant": "dialect",
  "test_set": "augmented",
  "seed": 43,
  "tag": "full",
  "labels": [
    "not_hate",
    "hate"
  ],
  "n": 5028,
  "accuracy": 0.8840493237867939,
  "precision_macro": 0.8861397079695479,
  "recall_macro": 0.8826227396732351,
  "f1_macro": 0.8834618153020266,
  "f1_weighted": 0.8837843689799381,
  "f1_not_hate": 0.891736304549675,
  "f1_hate": 0.8751873260543781,
  "confusion_matrix": [
    [
      2401,
      211
    ],
    [
      372,
      2044
    ]
  ]
}