{
  "model": "xlm-roberta-base",
  "train_variant": "clean",
  "test_set": "augmented",
  "seed": 44,
  "tag": "full",
  "labels": [
    "not_hate",
    "hate"
  ],
  "n": 5028,
  "accuracy": 0.8967780429594272,
  "precision_macro": 0.896653393640815,
  "recall_macro": 0.8972343640660021,
  "f1_macro": 0.8967221202120782,
  "f1_weighted": 0.8968158027631927,
  "f1_not_hate": 0.8991253644314868,
  "f1_hate": 0.8943188759926696,
  "confusion_matrix": [
    [
      2313,
      299
    ],
    [
      220,
      2196
    ]
  ]
}