{
  "model": "muril-base-cased",
  "train_variant": "clean",
  "test_set": "bidwesh_barishal",
  "seed": 43,
  "tag": "full",
  "labels": [
    "not_hate",
    "hate"
  ],
  "n": 1439,
  "accuracy": 0.8978457261987491,
  "precision_macro": 0.8991478207674646,
  "recall_macro": 0.8984227958368921,
  "f1_macro": 0.8978259893031081,
  "f1_weighted": 0.8977993444939927,
  "f1_not_hate": 0.8964059196617337,
  "f1_hate": 0.8992460589444825,
  "confusion_matrix": [
    [
      636,
      97
    ],
    [
      50,
      656
    ]
  ]
}