{
  "model": "tfidf_lr",
  "train_variant": "clean",
  "test_set": "bidwesh_barishal",
  "seed": 43,
  "tag": "full",
  "labels": [
    "not_hate",
    "hate"
  ],
  "n": 1439,
  "accuracy": 0.8853370396108409,
  "precision_macro": 0.8853825928933226,
  "recall_macro": 0.8852053534506413,
  "f1_macro": 0.8852729921505245,
  "f1_weighted": 0.8853238533690111,
  "f1_not_hate": 0.8879837067209776,
  "f1_hate": 0.8825622775800712,
  "confusion_matrix": [
    [
      654,
      79
    ],
    [
      86,
      620
    ]
  ]
}