{
  "model": "banglabert-adapt250",
  "train_variant": "augmented",
  "test_set": "bidwesh_heldout",
  "seed": 43,
  "tag": "full",
  "labels": [
    "not_hate",
    "hate"
  ],
  "n": 4408,
  "accuracy": 0.8856624319419237,
  "precision_macro": 0.8860164376789503,
  "recall_macro": 0.8858231565458793,
  "f1_macro": 0.8856564059489105,
  "f1_weighted": 0.8856481202085174,
  "f1_not_hate": 0.8848263254113345,
  "f1_hate": 0.8864864864864865,
  "confusion_matrix": [
    [
      1936,
      290
    ],
    [
      214,
      1968
    ]
  ]
}