{
  "model": "banglabert-adaptfull",
  "train_variant": "augmented",
  "test_set": "bidwesh_heldout",
  "seed": 44,
  "tag": "full",
  "labels": [
    "not_hate",
    "hate"
  ],
  "n": 4408,
  "accuracy": 0.9001814882032668,
  "precision_macro": 0.9008302005012532,
  "recall_macro": 0.9003934832324919,
  "f1_macro": 0.900166505829763,
  "f1_weighted": 0.900154297969871,
  "f1_not_hate": 0.8989435002296738,
  "f1_hate": 0.9013895114298521,
  "confusion_matrix": [
    [
      1957,
      269
    ],
    [
      171,
      2011
    ]
  ]
}