{
  "model": "tfidf_svm",
  "train_variant": "clean",
  "test_set": "bidwesh_chittagong",
  "tag": "full",
  "labels": [
    "not_hate",
    "hate"
  ],
  "n": 3054,
  "accuracy": 0.8068107400130976,
  "precision_macro": 0.8115844065336515,
  "recall_macro": 0.8060658701512607,
  "f1_macro": 0.8057844932844933,
  "f1_weighted": 0.8059509116729157,
  "f1_not_hate": 0.8199023199023199,
  "f1_hate": 0.7916666666666666,
  "confusion_matrix": [
    [
      1343,
      202
    ],
    [
      388,
      1121
    ]
  ]
}