{
  "model": "banglabert-adapt250",
  "train_variant": "augmented",
  "test_set": "clean",
  "seed": 42,
  "tag": "full",
  "labels": [
    "not_hate",
    "hate"
  ],
  "n": 5028,
  "accuracy": 0.9246221161495625,
  "precision_macro": 0.9253137904749541,
  "recall_macro": 0.9257264611624393,
  "f1_macro": 0.9246175808210864,
  "f1_weighted": 0.9246403737539401,
  "f1_not_hate": 0.9252022893230708,
  "f1_hate": 0.924032872319102,
  "confusion_matrix": [
    [
      2344,
      268
    ],
    [
      111,
      2305
    ]
  ]
}