{
  "model": "xlm-roberta-base",
  "train_variant": "clean",
  "test_set": "bidwesh_chittagong",
  "seed": 43,
  "tag": "full",
  "labels": [
    "not_hate",
    "hate"
  ],
  "n": 1494,
  "accuracy": 0.8293172690763052,
  "precision_macro": 0.8294957270626536,
  "recall_macro": 0.8293947496702414,
  "f1_macro": 0.8293110748200568,
  "f1_weighted": 0.8293041923131141,
  "f1_not_hate": 0.8282828282828283,
  "f1_hate": 0.8303393213572854,
  "confusion_matrix": [
    [
      615,
      137
    ],
    [
      118,
      624
    ]
  ]
}