{
  "model": "xlm-roberta-base",
  "train_variant": "aug_dia",
  "test_set": "clean",
  "seed": 42,
  "tag": "full",
  "labels": [
    "not_hate",
    "hate"
  ],
  "n": 5028,
  "accuracy": 0.9130867143993636,
  "precision_macro": 0.9134137940693203,
  "recall_macro": 0.9139716210460128,
  "f1_macro": 0.913072186764029,
  "f1_weighted": 0.9131159931721146,
  "f1_not_hate": 0.9141959552326723,
  "f1_hate": 0.9119484182953859,
  "confusion_matrix": [
    [
      2328,
      284
    ],
    [
      153,
      2263
    ]
  ]
}