{
  "model": "banglabert",
  "train_variant": "dialect",
  "test_set": "bidwesh_barishal",
  "seed": 44,
  "tag": "full",
  "labels": [
    "not_hate",
    "hate"
  ],
  "n": 1439,
  "accuracy": 0.9124391938846421,
  "precision_macro": 0.9123915773205834,
  "recall_macro": 0.9125127053631126,
  "f1_macro": 0.9124239262736915,
  "f1_weighted": 0.9124456223524108,
  "f1_not_hate": 0.9135802469135802,
  "f1_hate": 0.9112676056338028,
  "confusion_matrix": [
    [
      666,
      67
    ],
    [
      59,
      647
    ]
  ]
}