{
  "model": "tfidf_svm",
  "train_variant": "dialect",
  "test_set": "clean",
  "seed": 43,
  "tag": "full",
  "labels": [
    "not_hate",
    "hate"
  ],
  "n": 5028,
  "accuracy": 0.9005568814638027,
  "precision_macro": 0.9005700400645855,
  "recall_macro": 0.9002036575966248,
  "f1_macro": 0.9003626419356756,
  "f1_weighted": 0.9005341326902383,
  "f1_not_hate": 0.9047619047619048,
  "f1_hate": 0.8959633791094466,
  "confusion_matrix": [
    [
      2375,
      237
    ],
    [
      263,
      2153
    ]
  ]
}