{
  "model": "banglabert",
  "train_variant": "augmented",
  "test_set": "bidwesh_barishal",
  "tag": "full",
  "labels": [
    "not_hate",
    "hate"
  ],
  "n": 2933,
  "accuracy": 0.9140811455847255,
  "precision_macro": 0.9140296766596504,
  "recall_macro": 0.914102088223173,
  "f1_macro": 0.9140590771463255,
  "f1_weighted": 0.9140849019146661,
  "f1_not_hate": 0.9154362416107382,
  "f1_hate": 0.9126819126819127,
  "confusion_matrix": [
    [
      1364,
      130
    ],
    [
      122,
      1317
    ]
  ]
}