{
  "model": "muril-base-cased",
  "train_variant": "clean",
  "test_set": "augmented",
  "seed": 44,
  "tag": "full",
  "labels": [
    "not_hate",
    "hate"
  ],
  "n": 5028,
  "accuracy": 0.8983691328560064,
  "precision_macro": 0.8982727558785508,
  "recall_macro": 0.8981290503331542,
  "f1_macro": 0.8981965838330276,
  "f1_weighted": 0.8983599635842539,
  "f1_not_hate": 0.9023877745940784,
  "f1_hate": 0.8940053930719768,
  "confusion_matrix": [
    [
      2362,
      250
    ],
    [
      261,
      2155
    ]
  ]
}