{
  "model": "tfidf_lr",
  "train_variant": "clean",
  "test_set": "bidwesh_heldout",
  "seed": 44,
  "tag": "full",
  "labels": [
    "not_hate",
    "hate"
  ],
  "n": 4408,
  "accuracy": 0.8539019963702359,
  "precision_macro": 0.85450867032938,
  "recall_macro": 0.8536926729600924,
  "f1_macro": 0.8537748143514503,
  "f1_weighted": 0.8538178605731932,
  "f1_not_hate": 0.8580872631115029,
  "f1_hate": 0.8494623655913979,
  "confusion_matrix": [
    [
      1947,
      279
    ],
    [
      365,
      1817
    ]
  ]
}