{
  "model": "banglabert",
  "train_variant": "augmented",
  "test_set": "bidwesh",
  "tag": "full",
  "labels": [
    "not_hate",
    "hate"
  ],
  "n": 8987,
  "accuracy": 0.8816067653276956,
  "precision_macro": 0.8815848879802368,
  "recall_macro": 0.8816386434158983,
  "f1_macro": 0.8815976160850465,
  "f1_weighted": 0.8816109346028268,
  "f1_not_hate": 0.8826384292962718,
  "f1_hate": 0.8805568028738213,
  "confusion_matrix": [
    [
      4001,
      550
    ],
    [
      514,
      3922
    ]
  ]
}