{
  "model": "banglabert",
  "train_variant": "clean",
  "test_set": "bidwesh_heldout",
  "seed": 42,
  "tag": "full",
  "labels": [
    "not_hate",
    "hate"
  ],
  "n": 4408,
  "accuracy": 0.8804446460980037,
  "precision_macro": 0.8804424599314684,
  "recall_macro": 0.8804802916618284,
  "f1_macro": 0.8804413910803098,
  "f1_weighted": 0.8804476180706805,
  "f1_not_hate": 0.8810652222974498,
  "f1_hate": 0.8798175598631699,
  "confusion_matrix": [
    [
      1952,
      274
    ],
    [
      253,
      1929
    ]
  ]
}