{
  "model": "tfidf_lr",
  "train_variant": "clean",
  "test_set": "bidwesh_clean",
  "tag": "full",
  "labels": [
    "not_hate",
    "hate"
  ],
  "n": 8959,
  "accuracy": 0.8573501506864606,
  "precision_macro": 0.8580412261698939,
  "recall_macro": 0.8570791184746012,
  "f1_macro": 0.8571974108753652,
  "f1_weighted": 0.8572542321702777,
  "f1_not_hate": 0.8618677042801557,
  "f1_hate": 0.8525271174705746,
  "confusion_matrix": [
    [
      3987,
      547
    ],
    [
      731,
      3694
    ]
  ]
}