{
  "model": "tfidf_lr",
  "train_variant": "augmented",
  "test_set": "bidwesh_chittagong",
  "tag": "full",
  "labels": [
    "not_hate",
    "hate"
  ],
  "n": 3054,
  "accuracy": 0.8300589390962672,
  "precision_macro": 0.8337671830564807,
  "recall_macro": 0.8294292497442529,
  "f1_macro": 0.8293775223589823,
  "f1_weighted": 0.8295046259990976,
  "f1_not_hate": 0.840160147828765,
  "f1_hate": 0.8185948968891996,
  "confusion_matrix": [
    [
      1364,
      181
    ],
    [
      338,
      1171
    ]
  ]
}