{
  "model": "banglabert-nct",
  "train_variant": "clean",
  "test_set": "bidwesh_chittagong",
  "seed": 42,
  "tag": "full",
  "labels": [
    "not_hate",
    "hate"
  ],
  "n": 1494,
  "accuracy": 0.8319946452476573,
  "precision_macro": 0.8329526878665212,
  "recall_macro": 0.8318123817170384,
  "f1_macro": 0.8318137273589623,
  "f1_weighted": 0.8318506493770635,
  "f1_not_hate": 0.8373298768632534,
  "f1_hate": 0.8262975778546713,
  "confusion_matrix": [
    [
      646,
      106
    ],
    [
      145,
      597
    ]
  ]
}