{
  "model": "banglabert",
  "train_variant": "clean",
  "test_set": "bidwesh_barishal",
  "seed": 43,
  "tag": "full",
  "labels": [
    "not_hate",
    "hate"
  ],
  "n": 1439,
  "accuracy": 0.9096594857539958,
  "precision_macro": 0.9098997144647956,
  "recall_macro": 0.9094450606572393,
  "f1_macro": 0.9095860882341569,
  "f1_weighted": 0.9096344231862459,
  "f1_not_hate": 0.9121621621621622,
  "f1_hate": 0.9070100143061517,
  "confusion_matrix": [
    [
      675,
      58
    ],
    [
      72,
      634
    ]
  ]
}