{
  "model": "banglabert",
  "train_variant": "aug_dia",
  "test_set": "clean",
  "seed": 43,
  "tag": "full",
  "labels": [
    "not_hate",
    "hate"
  ],
  "n": 5028,
  "accuracy": 0.9232299124900557,
  "precision_macro": 0.9236737848884027,
  "recall_macro": 0.9242001384339219,
  "f1_macro": 0.9232203882259932,
  "f1_weighted": 0.9232537231502119,
  "f1_not_hate": 0.9240755310778914,
  "f1_hate": 0.9223652453740949,
  "confusion_matrix": [
    [
      2349,
      263
    ],
    [
      123,
      2293
    ]
  ]
}