{
  "model": "banglabert-adapt1000",
  "train_variant": "augmented",
  "test_set": "bidwesh_heldout",
  "seed": 42,
  "tag": "full",
  "labels": [
    "not_hate",
    "hate"
  ],
  "n": 4408,
  "accuracy": 0.8913339382940109,
  "precision_macro": 0.8918742678279075,
  "recall_macro": 0.8915291987123266,
  "f1_macro": 0.891321582921369,
  "f1_weighted": 0.8913100161895339,
  "f1_not_hate": 0.890162806695712,
  "f1_hate": 0.8924803591470258,
  "confusion_matrix": [
    [
      1941,
      285
    ],
    [
      194,
      1988
    ]
  ]
}