{
  "model": "tfidf_lr",
  "train_variant": "aug_dia",
  "test_set": "bidwesh_chittagong",
  "seed": 44,
  "tag": "full",
  "labels": [
    "not_hate",
    "hate"
  ],
  "n": 1494,
  "accuracy": 0.8614457831325302,
  "precision_macro": 0.8618287047422495,
  "recall_macro": 0.8613365257785169,
  "f1_macro": 0.8613781501756876,
  "f1_weighted": 0.8613986450110944,
  "f1_not_hate": 0.8644400785854617,
  "f1_hate": 0.8583162217659137,
  "confusion_matrix": [
    [
      660,
      92
    ],
    [
      115,
      627
    ]
  ]
}