{
  "model": "banglabert",
  "train_variant": "dialect",
  "test_set": "bidwesh_noakhali",
  "seed": 42,
  "tag": "full",
  "labels": [
    "not_hate",
    "hate"
  ],
  "n": 1475,
  "accuracy": 0.8935593220338983,
  "precision_macro": 0.8961524232334444,
  "recall_macro": 0.8937531945562922,
  "f1_macro": 0.8934164676447698,
  "f1_weighted": 0.893397949483216,
  "f1_not_hate": 0.8895144264602393,
  "f1_hate": 0.8973185088293002,
  "confusion_matrix": [
    [
      632,
      109
    ],
    [
      48,
      686
    ]
  ]
}