{
  "model": "xlm-roberta-base",
  "train_variant": "aug_dia",
  "test_set": "bidwesh_heldout",
  "seed": 43,
  "tag": "full",
  "labels": [
    "not_hate",
    "hate"
  ],
  "n": 4408,
  "accuracy": 0.8863430127041743,
  "precision_macro": 0.8880572992113311,
  "recall_macro": 0.8866827172907799,
  "f1_macro": 0.886270896243786,
  "f1_weighted": 0.8862423095387674,
  "f1_not_hate": 0.8834070281591808,
  "f1_hate": 0.8891347643283912,
  "confusion_matrix": [
    [
      1898,
      328
    ],
    [
      173,
      2009
    ]
  ]
}