{
  "model": "banglabert",
  "train_variant": "aug_dia",
  "test_set": "bidwesh_noakhali",
  "seed": 43,
  "tag": "full",
  "labels": [
    "not_hate",
    "hate"
  ],
  "n": 1475,
  "accuracy": 0.8928813559322034,
  "precision_macro": 0.8971739889589788,
  "recall_macro": 0.8931299113430191,
  "f1_macro": 0.892632581830512,
  "f1_weighted": 0.8926080548064016,
  "f1_not_hate": 0.8874643874643875,
  "f1_hate": 0.8978007761966365,
  "confusion_matrix": [
    [
      623,
      118
    ],
    [
      40,
      694
    ]
  ]
}