{
  "model": "banglabert",
  "train_variant": "clean",
  "test_set": "bidwesh_barishal",
  "seed": 44,
  "tag": "full",
  "labels": [
    "not_hate",
    "hate"
  ],
  "n": 1439,
  "accuracy": 0.9124391938846421,
  "precision_macro": 0.912487918035956,
  "recall_macro": 0.9123300959617235,
  "f1_macro": 0.9123931210959243,
  "f1_weighted": 0.9124308170139661,
  "f1_not_hate": 0.9144021739130435,
  "f1_hate": 0.9103840682788051,
  "confusion_matrix": [
    [
      673,
      60
    ],
    [
      66,
      640
    ]
  ]
}