{
  "model": "banglabert-adapt250",
  "train_variant": "augmented",
  "test_set": "bidwesh_noakhali",
  "seed": 43,
  "tag": "full",
  "labels": [
    "not_hate",
    "hate"
  ],
  "n": 1475,
  "accuracy": 0.8969491525423728,
  "precision_macro": 0.8998345198298553,
  "recall_macro": 0.8971527540292777,
  "f1_macro": 0.8967950299579814,
  "f1_weighted": 0.8967761026230562,
  "f1_not_hate": 0.8928067700987306,
  "f1_hate": 0.9007832898172323,
  "confusion_matrix": [
    [
      633,
      108
    ],
    [
      44,
      690
    ]
  ]
}