{
  "model": "xlm-roberta-base",
  "train_variant": "aug_dia",
  "test_set": "bidwesh_noakhali",
  "seed": 42,
  "tag": "full",
  "labels": [
    "not_hate",
    "hate"
  ],
  "n": 1475,
  "accuracy": 0.903728813559322,
  "precision_macro": 0.9062951948719655,
  "recall_macro": 0.903919697588133,
  "f1_macro": 0.9036043549016576,
  "f1_weighted": 0.9035879169657396,
  "f1_not_hate": 0.90014064697609,
  "f1_hate": 0.9070680628272252,
  "confusion_matrix": [
    [
      640,
      101
    ],
    [
      41,
      693
    ]
  ]
}