{
  "model": "banglabert-nct",
  "train_variant": "clean",
  "test_set": "bidwesh_chittagong",
  "seed": 43,
  "tag": "full",
  "labels": [
    "not_hate",
    "hate"
  ],
  "n": 1494,
  "accuracy": 0.8467202141900937,
  "precision_macro": 0.846737550389042,
  "recall_macro": 0.8466909445432127,
  "f1_macro": 0.8467047612902705,
  "f1_weighted": 0.8467150632234859,
  "f1_not_hate": 0.8482438701126573,
  "f1_hate": 0.8451656524678837,
  "confusion_matrix": [
    [
      640,
      112
    ],
    [
      117,
      625
    ]
  ]
}