{
  "model": "muril-base-cased",
  "train_variant": "clean",
  "test_set": "clean",
  "seed": 44,
  "tag": "full",
  "labels": [
    "not_hate",
    "hate"
  ],
  "n": 5028,
  "accuracy": 0.9184566428003182,
  "precision_macro": 0.9182477551392498,
  "recall_macro": 0.9187673676257315,
  "f1_macro": 0.9183933738022731,
  "f1_weighted": 0.9184819503995363,
  "f1_not_hate": 0.9206656346749226,
  "f1_hate": 0.9161211129296236,
  "confusion_matrix": [
    [
      2379,
      233
    ],
    [
      177,
      2239
    ]
  ]
}