{
  "model": "banglabert-adapt250",
  "train_variant": "augmented",
  "test_set": "bidwesh_noakhali",
  "seed": 42,
  "tag": "full",
  "labels": [
    "not_hate",
    "hate"
  ],
  "n": 1475,
  "accuracy": 0.8928813559322034,
  "precision_macro": 0.897880824522818,
  "recall_macro": 0.8931492165752886,
  "f1_macro": 0.8925886391457605,
  "f1_weighted": 0.8925620285288112,
  "f1_not_hate": 0.8869814020028612,
  "f1_hate": 0.8981958762886598,
  "confusion_matrix": [
    [
      620,
      121
    ],
    [
      37,
      697
    ]
  ]
}