{
  "model": "banglabert-adaptfull",
  "train_variant": "augmented",
  "test_set": "bidwesh_noakhali",
  "seed": 44,
  "tag": "full",
  "labels": [
    "not_hate",
    "hate"
  ],
  "n": 1475,
  "accuracy": 0.903728813559322,
  "precision_macro": 0.9053477781099264,
  "recall_macro": 0.9038810871235939,
  "f1_macro": 0.9036543719617433,
  "f1_weighted": 0.9036416624206932,
  "f1_not_hate": 0.900976290097629,
  "f1_hate": 0.9063324538258575,
  "confusion_matrix": [
    [
      646,
      95
    ],
    [
      47,
      687
    ]
  ]
}