{
  "model": "banglabert",
  "train_variant": "dialect",
  "test_set": "bidwesh_chittagong",
  "seed": 44,
  "tag": "full",
  "labels": [
    "not_hate",
    "hate"
  ],
  "n": 1494,
  "accuracy": 0.8761713520749665,
  "precision_macro": 0.8765965651764496,
  "recall_macro": 0.8762867752480358,
  "f1_macro": 0.8761553168885183,
  "f1_weighted": 0.8761458844259017,
  "f1_not_hate": 0.8747461069735951,
  "f1_hate": 0.8775645268034414,
  "confusion_matrix": [
    [
      646,
      106
    ],
    [
      79,
      663
    ]
  ]
}