{
  "model": "muril-base-cased",
  "train_variant": "augmented",
  "test_set": "bidwesh_heldout",
  "seed": 43,
  "tag": "full",
  "labels": [
    "not_hate",
    "hate"
  ],
  "n": 4408,
  "accuracy": 0.8770417422867514,
  "precision_macro": 0.8771937193818216,
  "recall_macro": 0.8771517842216353,
  "f1_macro": 0.8770411094717525,
  "f1_weighted": 0.8770383250857579,
  "f1_not_hate": 0.8767621646202819,
  "f1_hate": 0.8773200543232231,
  "confusion_matrix": [
    [
      1928,
      298
    ],
    [
      244,
      1938
    ]
  ]
}