{
  "model": "banglabert-nct",
  "train_variant": "clean",
  "test_set": "bidwesh_noakhali",
  "seed": 42,
  "tag": "full",
  "labels": [
    "not_hate",
    "hate"
  ],
  "n": 1475,
  "accuracy": 0.8949152542372881,
  "precision_macro": 0.8967137450383089,
  "recall_macro": 0.8950769819119166,
  "f1_macro": 0.8948216603203126,
  "f1_weighted": 0.8948067703789756,
  "f1_not_hate": 0.8916841369671559,
  "f1_hate": 0.8979591836734694,
  "confusion_matrix": [
    [
      638,
      103
    ],
    [
      52,
      682
    ]
  ]
}