{
  "model": "banglabert-adapt500",
  "train_variant": "augmented",
  "test_set": "bidwesh_heldout",
  "seed": 42,
  "tag": "full",
  "labels": [
    "not_hate",
    "hate"
  ],
  "n": 4408,
  "accuracy": 0.8874773139745916,
  "precision_macro": 0.8877503861600247,
  "recall_macro": 0.8876201017390509,
  "f1_macro": 0.8874739782339456,
  "f1_weighted": 0.8874678627094277,
  "f1_not_hate": 0.8868613138686131,
  "f1_hate": 0.8880866425992779,
  "confusion_matrix": [
    [
      1944,
      282
    ],
    [
      214,
      1968
    ]
  ]
}