{
  "model": "banglabert",
  "train_variant": "clean",
  "test_set": "bidwesh_heldout",
  "seed": 43,
  "tag": "full",
  "labels": [
    "not_hate",
    "hate"
  ],
  "n": 4408,
  "accuracy": 0.8781760435571688,
  "precision_macro": 0.8796159728965844,
  "recall_macro": 0.8778717564192202,
  "f1_macro": 0.8779881070290072,
  "f1_weighted": 0.8780359059147824,
  "f1_not_hate": 0.8827766863130321,
  "f1_hate": 0.8731995277449823,
  "confusion_matrix": [
    [
      2022,
      204
    ],
    [
      333,
      1849
    ]
  ]
}