{
  "model": "xlm-roberta-base",
  "train_variant": "clean",
  "test_set": "bidwesh_noakhali",
  "seed": 43,
  "tag": "full",
  "labels": [
    "not_hate",
    "hate"
  ],
  "n": 1475,
  "accuracy": 0.8827118644067796,
  "precision_macro": 0.8855910864912502,
  "recall_macro": 0.8829183627692161,
  "f1_macro": 0.8825302300230037,
  "f1_weighted": 0.8825083086318581,
  "f1_not_hate": 0.8779110797459422,
  "f1_hate": 0.8871493803000652,
  "confusion_matrix": [
    [
      622,
      119
    ],
    [
      54,
      680
    ]
  ]
}