{
  "model": "banglabert",
  "train_variant": "augmented",
  "test_set": "bidwesh",
  "tag": "full",
  "labels": [
    "not_hate",
    "hate"
  ],
  "n": 8987,
  "accuracy": 0.8787136975631468,
  "precision_macro": 0.8789772969362952,
  "recall_macro": 0.878898904292579,
  "f1_macro": 0.8787124346229362,
  "f1_weighted": 0.8787074264117564,
  "f1_not_hate": 0.8783210538066533,
  "f1_hate": 0.8791038154392191,
  "confusion_matrix": [
    [
      3934,
      617
    ],
    [
      473,
      3963
    ]
  ]
}