{
  "model": "banglabert-adapt500",
  "train_variant": "augmented",
  "test_set": "bidwesh_noakhali",
  "seed": 44,
  "tag": "full",
  "labels": [
    "not_hate",
    "hate"
  ],
  "n": 1475,
  "accuracy": 0.9077966101694915,
  "precision_macro": 0.9077934709066307,
  "recall_macro": 0.907800968571082,
  "f1_macro": 0.9077955506526936,
  "f1_weighted": 0.9077970339762108,
  "f1_not_hate": 0.9081081081081082,
  "f1_hate": 0.9074829931972789,
  "confusion_matrix": [
    [
      672,
      69
    ],
    [
      67,
      667
    ]
  ]
}