{
  "model": "xlm-roberta-base",
  "train_variant": "clean",
  "test_set": "bidwesh_barishal",
  "seed": 42,
  "tag": "full",
  "labels": [
    "not_hate",
    "hate"
  ],
  "n": 1439,
  "accuracy": 0.8922863099374566,
  "precision_macro": 0.8922302205530054,
  "recall_macro": 0.8923135934824868,
  "f1_macro": 0.8922611275907057,
  "f1_weighted": 0.8922920331980817,
  "f1_not_hate": 0.893908281998631,
  "f1_hate": 0.8906139731827806,
  "confusion_matrix": [
    [
      653,
      80
    ],
    [
      75,
      631
    ]
  ]
}