{
  "model": "banglabert-adapt1000",
  "train_variant": "augmented",
  "test_set": "bidwesh_noakhali",
  "seed": 42,
  "tag": "full",
  "labels": [
    "not_hate",
    "hate"
  ],
  "n": 1475,
  "accuracy": 0.8983050847457628,
  "precision_macro": 0.900344690000665,
  "recall_macro": 0.8984765413849023,
  "f1_macro": 0.8982017248423679,
  "f1_weighted": 0.8981863308142028,
  "f1_not_hate": 0.8949579831932774,
  "f1_hate": 0.9014454664914586,
  "confusion_matrix": [
    [
      639,
      102
    ],
    [
      48,
      686
    ]
  ]
}