{
  "model": "banglabert",
  "train_variant": "augmented",
  "test_set": "augmented",
  "seed": 43,
  "tag": "full",
  "labels": [
    "not_hate",
    "hate"
  ],
  "n": 5028,
  "accuracy": 0.9156722354813047,
  "precision_macro": 0.9154990802306299,
  "recall_macro": 0.9156215454905023,
  "f1_macro": 0.9155566773090654,
  "f1_weighted": 0.9156784482862638,
  "f1_not_hate": 0.918680475642501,
  "f1_hate": 0.9124328789756299,
  "confusion_matrix": [
    [
      2395,
      217
    ],
    [
      207,
      2209
    ]
  ]
}