{
  "model": "xlm-roberta-base",
  "train_variant": "augmented",
  "test_set": "augmented",
  "seed": 42,
  "tag": "full",
  "labels": [
    "not_hate",
    "hate"
  ],
  "n": 5028,
  "accuracy": 0.9031424025457438,
  "precision_macro": 0.9030912572128464,
  "recall_macro": 0.9037015861586362,
  "f1_macro": 0.9031001443266633,
  "f1_weighted": 0.9031790263356136,
  "f1_not_hate": 0.9051237093317748,
  "f1_hate": 0.9010765793215519,
  "confusion_matrix": [
    [
      2323,
      289
    ],
    [
      198,
      2218
    ]
  ]
}