{
  "model": "banglabert-nct",
  "train_variant": "clean",
  "test_set": "bidwesh_noakhali",
  "seed": 44,
  "tag": "full",
  "labels": [
    "not_hate",
    "hate"
  ],
  "n": 1475,
  "accuracy": 0.903728813559322,
  "precision_macro": 0.9072539686070393,
  "recall_macro": 0.9039518729752489,
  "f1_macro": 0.9035528647262734,
  "f1_weighted": 0.9035333148559347,
  "f1_not_hate": 0.8994334277620396,
  "f1_hate": 0.9076723016905072,
  "confusion_matrix": [
    [
      635,
      106
    ],
    [
      36,
      698
    ]
  ]
}