{
  "model": "banglabert-adaptfull",
  "train_variant": "augmented",
  "test_set": "augmented",
  "seed": 42,
  "tag": "full",
  "labels": [
    "not_hate",
    "hate"
  ],
  "n": 5028,
  "accuracy": 0.9162688941925219,
  "precision_macro": 0.9161792346773202,
  "recall_macro": 0.9168014664868209,
  "f1_macro": 0.9162280665824432,
  "f1_weighted": 0.9163001585786181,
  "f1_not_hate": 0.9180774469741195,
  "f1_hate": 0.9143786861907667,
  "confusion_matrix": [
    [
      2359,
      253
    ],
    [
      168,
      2248
    ]
  ]
}