{
  "model": "tfidf_lr",
  "train_variant": "aug_dia",
  "test_set": "bidwesh_barishal",
  "seed": 44,
  "tag": "full",
  "labels": [
    "not_hate",
    "hate"
  ],
  "n": 1439,
  "accuracy": 0.8957609451007644,
  "precision_macro": 0.8960420657495017,
  "recall_macro": 0.8955155382243023,
  "f1_macro": 0.8956677841838452,
  "f1_weighted": 0.8957262805735386,
  "f1_not_hate": 0.8987854251012146,
  "f1_hate": 0.8925501432664756,
  "confusion_matrix": [
    [
      666,
      67
    ],
    [
      83,
      623
    ]
  ]
}