{
  "model": "banglabert-adaptfull",
  "train_variant": "augmented",
  "test_set": "bidwesh_barishal",
  "seed": 43,
  "tag": "full",
  "labels": [
    "not_hate",
    "hate"
  ],
  "n": 1439,
  "accuracy": 0.9145239749826268,
  "precision_macro": 0.9145453351311047,
  "recall_macro": 0.9146895253701464,
  "f1_macro": 0.9145180304813586,
  "f1_weighted": 0.9145314056092121,
  "f1_not_hate": 0.9152308752584425,
  "f1_hate": 0.9138051857042747,
  "confusion_matrix": [
    [
      664,
      69
    ],
    [
      54,
      652
    ]
  ]
}