{
  "model": "banglabert",
  "train_variant": "clean",
  "test_set": "bidwesh_noakhali",
  "seed": 44,
  "tag": "full",
  "labels": [
    "not_hate",
    "hate"
  ],
  "n": 1475,
  "accuracy": 0.8996610169491526,
  "precision_macro": 0.9001814815223833,
  "recall_macro": 0.8997488481211413,
  "f1_macro": 0.8996406740763081,
  "f1_weighted": 0.8996338931186931,
  "f1_not_hate": 0.8982118294360385,
  "f1_hate": 0.9010695187165776,
  "confusion_matrix": [
    [
      653,
      88
    ],
    [
      60,
      674
    ]
  ]
}