{
  "model": "banglabert-adaptfull",
  "train_variant": "augmented",
  "test_set": "bidwesh_heldout",
  "seed": 42,
  "tag": "full",
  "labels": [
    "not_hate",
    "hate"
  ],
  "n": 4408,
  "accuracy": 0.9013157894736842,
  "precision_macro": 0.9020111823967432,
  "recall_macro": 0.9015346916657814,
  "f1_macro": 0.9012992855640913,
  "f1_weighted": 0.9012865457040549,
  "f1_not_hate": 0.9000229832222477,
  "f1_hate": 0.9025755879059351,
  "confusion_matrix": [
    [
      1958,
      268
    ],
    [
      167,
      2015
    ]
  ]
}