{
  "model": "banglabert",
  "train_variant": "augmented",
  "test_set": "bidwesh_barishal",
  "tag": "full",
  "labels": [
    "not_hate",
    "hate"
  ],
  "n": 2933,
  "accuracy": 0.9096488237299694,
  "precision_macro": 0.9098190684531948,
  "recall_macro": 0.9099048498836673,
  "f1_macro": 0.9096477734266609,
  "f1_weighted": 0.9096535500948573,
  "f1_not_hate": 0.9099558273870201,
  "f1_hate": 0.9093397194663018,
  "confusion_matrix": [
    [
      1339,
      155
    ],
    [
      110,
      1329
    ]
  ]
}