{
  "model": "banglabert-adapt500",
  "train_variant": "augmented",
  "test_set": "bidwesh_noakhali",
  "seed": 42,
  "tag": "full",
  "labels": [
    "not_hate",
    "hate"
  ],
  "n": 1475,
  "accuracy": 0.8949152542372881,
  "precision_macro": 0.8982674716835676,
  "recall_macro": 0.8951348976087252,
  "f1_macro": 0.8947292567712859,
  "f1_weighted": 0.8947082570573822,
  "f1_not_hate": 0.8903043170559094,
  "f1_hate": 0.8991541964866623,
  "confusion_matrix": [
    [
      629,
      112
    ],
    [
      43,
      691
    ]
  ]
}