{
  "model": "majority",
  "train_variant": "clean",
  "test_set": "bidwesh_noakhali",
  "seed": 42,
  "tag": "full",
  "labels": [
    "not_hate",
    "hate"
  ],
  "n": 1475,
  "accuracy": 0.5023728813559322,
  "precision_macro": 0.2511864406779661,
  "recall_macro": 0.5,
  "f1_macro": 0.33438628158844763,
  "f1_weighted": 0.33597319953496907,
  "f1_not_hate": 0.6687725631768953,
  "f1_hate": 0.0,
  "confusion_matrix": [
    [
      741,
      0
    ],
    [
      734,
      0
    ]
  ]
}