{
  "model": "banglabert-adapt250",
  "train_variant": "augmented",
  "test_set": "clean",
  "seed": 43,
  "tag": "full",
  "labels": [
    "not_hate",
    "hate"
  ],
  "n": 5028,
  "accuracy": 0.9242243436754176,
  "precision_macro": 0.9244167693209626,
  "recall_macro": 0.9250330238430879,
  "f1_macro": 0.9242065681484621,
  "f1_weighted": 0.9242518149443488,
  "f1_not_hate": 0.9253672869735553,
  "f1_hate": 0.923045849323369,
  "confusion_matrix": [
    [
      2362,
      250
    ],
    [
      131,
      2285
    ]
  ]
}