{
  "model": "banglabert-adapt1000",
  "train_variant": "augmented",
  "test_set": "bidwesh_heldout",
  "seed": 43,
  "tag": "full",
  "labels": [
    "not_hate",
    "hate"
  ],
  "n": 4408,
  "accuracy": 0.8861161524500908,
  "precision_macro": 0.8868069366525836,
  "recall_macro": 0.8863358047506223,
  "f1_macro": 0.8860964323033289,
  "f1_weighted": 0.8860814721919923,
  "f1_not_hate": 0.8845977011494253,
  "f1_hate": 0.8875951634572324,
  "confusion_matrix": [
    [
      1924,
      302
    ],
    [
      200,
      1982
    ]
  ]
}