{
  "model": "muril-base-cased",
  "train_variant": "augmented",
  "test_set": "bidwesh_heldout",
  "seed": 44,
  "tag": "full",
  "labels": [
    "not_hate",
    "hate"
  ],
  "n": 4408,
  "accuracy": 0.8808983666061706,
  "precision_macro": 0.8810585218614042,
  "recall_macro": 0.8810110575541286,
  "f1_macro": 0.880897624915834,
  "f1_weighted": 0.8808946581544874,
  "f1_not_hate": 0.880600409370025,
  "f1_hate": 0.8811948404616429,
  "confusion_matrix": [
    [
      1936,
      290
    ],
    [
      235,
      1947
    ]
  ]
}