{
  "model": "banglabert-adapt1000",
  "train_variant": "augmented",
  "test_set": "clean",
  "seed": 44,
  "tag": "full",
  "labels": [
    "not_hate",
    "hate"
  ],
  "n": 5028,
  "accuracy": 0.9260143198090692,
  "precision_macro": 0.9259702286018076,
  "recall_macro": 0.9266160765899618,
  "f1_macro": 0.9259826526096115,
  "f1_weighted": 0.9260423331008971,
  "f1_not_hate": 0.9275136399064692,
  "f1_hate": 0.9244516653127539,
  "confusion_matrix": [
    [
      2380,
      232
    ],
    [
      140,
      2276
    ]
  ]
}