{
  "model": "banglabert-adaptfull",
  "train_variant": "augmented",
  "test_set": "bidwesh_noakhali",
  "seed": 43,
  "tag": "full",
  "labels": [
    "not_hate",
    "hate"
  ],
  "n": 1475,
  "accuracy": 0.9003389830508475,
  "precision_macro": 0.9006818441068136,
  "recall_macro": 0.9004107417989535,
  "f1_macro": 0.9003272548243539,
  "f1_weighted": 0.900322123725263,
  "f1_not_hate": 0.8992460589444825,
  "f1_hate": 0.9014084507042254,
  "confusion_matrix": [
    [
      656,
      85
    ],
    [
      62,
      672
    ]
  ]
}