{
  "model": "banglabert",
  "train_variant": "aug_dia",
  "test_set": "bidwesh_heldout",
  "seed": 44,
  "tag": "full",
  "labels": [
    "not_hate",
    "hate"
  ],
  "n": 4408,
  "accuracy": 0.9001814882032668,
  "precision_macro": 0.9002205262325753,
  "recall_macro": 0.9002485417320345,
  "f1_macro": 0.9001809744789135,
  "f1_weighted": 0.9001832348660679,
  "f1_not_hate": 0.9004074241738343,
  "f1_hate": 0.8999545247839927,
  "confusion_matrix": [
    [
      1989,
      237
    ],
    [
      203,
      1979
    ]
  ]
}