{
  "model": "banglabert",
  "train_variant": "clean",
  "test_set": "bidwesh_noakhali",
  "seed": 42,
  "tag": "full",
  "labels": [
    "not_hate",
    "hate"
  ],
  "n": 1475,
  "accuracy": 0.8901694915254237,
  "precision_macro": 0.8921707711746061,
  "recall_macro": 0.8903407649284603,
  "f1_macro": 0.8900578628297573,
  "f1_weighted": 0.8900412372793389,
  "f1_not_hate": 0.8865546218487395,
  "f1_hate": 0.8935611038107752,
  "confusion_matrix": [
    [
      633,
      108
    ],
    [
      54,
      680
    ]
  ]
}