{
  "model": "banglabert",
  "train_variant": "clean",
  "test_set": "bidwesh_chittagong",
  "seed": 42,
  "tag": "full",
  "labels": [
    "not_hate",
    "hate"
  ],
  "n": 1494,
  "accuracy": 0.8360107095046854,
  "precision_macro": 0.8370828558733425,
  "recall_macro": 0.8358196650800023,
  "f1_macro": 0.8358193892174475,
  "f1_weighted": 0.8358569029992589,
  "f1_not_hate": 0.8414239482200647,
  "f1_hate": 0.8302148302148302,
  "confusion_matrix": [
    [
      650,
      102
    ],
    [
      143,
      599
    ]
  ]
}