{
  "model": "xlm-roberta-base",
  "train_variant": "augmented",
  "test_set": "clean",
  "seed": 42,
  "tag": "full",
  "labels": [
    "not_hate",
    "hate"
  ],
  "n": 5028,
  "accuracy": 0.9107000795544948,
  "precision_macro": 0.9109796015574374,
  "recall_macro": 0.9115502951228664,
  "f1_macro": 0.9106832589921285,
  "f1_weighted": 0.9107310391402993,
  "f1_not_hate": 0.9119089660584657,
  "f1_hate": 0.9094575519257915,
  "confusion_matrix": [
    [
      2324,
      288
    ],
    [
      161,
      2255
    ]
  ]
}