{
  "model": "banglabert-adapt500",
  "train_variant": "augmented",
  "test_set": "bidwesh_chittagong",
  "seed": 42,
  "tag": "full",
  "labels": [
    "not_hate",
    "hate"
  ],
  "n": 1494,
  "accuracy": 0.857429718875502,
  "precision_macro": 0.8584763151600598,
  "recall_macro": 0.8572485949417905,
  "f1_macro": 0.8572761909460517,
  "f1_weighted": 0.8573075231765517,
  "f1_not_hate": 0.8619572261827608,
  "f1_hate": 0.8525951557093425,
  "confusion_matrix": [
    [
      665,
      87
    ],
    [
      126,
      616
    ]
  ]
}