{
  "model": "majority",
  "train_variant": "augmented",
  "test_set": "clean",
  "tag": "full",
  "labels": [
    "not_hate",
    "hate"
  ],
  "n": 5028,
  "accuracy": 0.5194908512330947,
  "precision_macro": 0.25974542561654734,
  "recall_macro": 0.5,
  "f1_macro": 0.3418848167539267,
  "f1_weighted": 0.3552120689583359,
  "f1_not_hate": 0.6837696335078534,
  "f1_hate": 0.0,
  "confusion_matrix": [
    [
      2612,
      0
    ],
    [
      2416,
      0
    ]
  ]
}