{
  "model": "banglabert",
  "train_variant": "augmented",
  "test_set": "bidwesh_barishal",
  "seed": 44,
  "tag": "full",
  "labels": [
    "not_hate",
    "hate"
  ],
  "n": 1439,
  "accuracy": 0.9068797776233496,
  "precision_macro": 0.9073091254870431,
  "recall_macro": 0.9072382888436283,
  "f1_macro": 0.9068793728920295,
  "f1_weighted": 0.9068757303101481,
  "f1_not_hate": 0.9066852367688022,
  "f1_hate": 0.9070735090152566,
  "confusion_matrix": [
    [
      651,
      82
    ],
    [
      52,
      654
    ]
  ]
}