{
  "model": "banglabert-adaptfull",
  "train_variant": "augmented",
  "test_set": "clean",
  "seed": 43,
  "tag": "full",
  "labels": [
    "not_hate",
    "hate"
  ],
  "n": 5028,
  "accuracy": 0.9323786793953859,
  "precision_macro": 0.9322542209603002,
  "recall_macro": 0.9323068263643094,
  "f1_macro": 0.9322799311675841,
  "f1_weighted": 0.9323807366501317,
  "f1_not_hate": 0.9348659003831418,
  "f1_hate": 0.9296939619520265,
  "confusion_matrix": [
    [
      2440,
      172
    ],
    [
      168,
      2248
    ]
  ]
}