{
  "model": "banglabert-adapt500",
  "train_variant": "augmented",
  "test_set": "bidwesh_barishal",
  "seed": 42,
  "tag": "full",
  "labels": [
    "not_hate",
    "hate"
  ],
  "n": 1439,
  "accuracy": 0.911049339819319,
  "precision_macro": 0.9118463293881024,
  "recall_macro": 0.9115136676856722,
  "f1_macro": 0.9110441417946489,
  "f1_weighted": 0.9110313830068223,
  "f1_not_hate": 0.9103641456582633,
  "f1_hate": 0.9117241379310345,
  "confusion_matrix": [
    [
      650,
      83
    ],
    [
      45,
      661
    ]
  ]
}