{
  "model": "xlm-roberta-base",
  "train_variant": "aug_dia",
  "test_set": "bidwesh_barishal",
  "seed": 42,
  "tag": "full",
  "labels": [
    "not_hate",
    "hate"
  ],
  "n": 1439,
  "accuracy": 0.9082696316886727,
  "precision_macro": 0.9085559317055827,
  "recall_macro": 0.9085764582665053,
  "f1_macro": 0.9082695873898934,
  "f1_weighted": 0.908270783456935,
  "f1_not_hate": 0.9083333333333333,
  "f1_hate": 0.9082058414464534,
  "confusion_matrix": [
    [
      654,
      79
    ],
    [
      53,
      653
    ]
  ]
}