{
  "model": "banglabert",
  "train_variant": "dialect",
  "test_set": "bidwesh_heldout",
  "seed": 43,
  "tag": "full",
  "labels": [
    "not_hate",
    "hate"
  ],
  "n": 4408,
  "accuracy": 0.8981397459165155,
  "precision_macro": 0.8988684895067518,
  "recall_macro": 0.8979325659669122,
  "f1_macro": 0.8980497033400241,
  "f1_weighted": 0.8980799466481586,
  "f1_not_hate": 0.9010795329367702,
  "f1_hate": 0.895019873743278,
  "confusion_matrix": [
    [
      2045,
      181
    ],
    [
      268,
      1914
    ]
  ]
}