{
  "model": "xlm-roberta-base",
  "train_variant": "aug_dia",
  "test_set": "augmented",
  "seed": 44,
  "tag": "full",
  "labels": [
    "not_hate",
    "hate"
  ],
  "n": 5028,
  "accuracy": 0.9053301511535402,
  "precision_macro": 0.9053962796979557,
  "recall_macro": 0.9060091351175927,
  "f1_macro": 0.9052998090744933,
  "f1_weighted": 0.9053658873799733,
  "f1_not_hate": 0.9069949198905822,
  "f1_hate": 0.9036046982584042,
  "confusion_matrix": [
    [
      2321,
      291
    ],
    [
      185,
      2231
    ]
  ]
}