{
  "model": "banglabert-nct",
  "train_variant": "clean",
  "test_set": "bidwesh_noakhali",
  "seed": 43,
  "tag": "full",
  "labels": [
    "not_hate",
    "hate"
  ],
  "n": 1475,
  "accuracy": 0.8942372881355932,
  "precision_macro": 0.8990104957005564,
  "recall_macro": 0.8944987442406057,
  "f1_macro": 0.893963133640553,
  "f1_weighted": 0.8939375458876825,
  "f1_not_hate": 0.8885714285714286,
  "f1_hate": 0.8993548387096775,
  "confusion_matrix": [
    [
      622,
      119
    ],
    [
      37,
      697
    ]
  ]
}