{
  "model": "xlm-roberta-base",
  "train_variant": "augmented",
  "test_set": "bidwesh_barishal",
  "seed": 42,
  "tag": "full",
  "labels": [
    "not_hate",
    "hate"
  ],
  "n": 1439,
  "accuracy": 0.9047949965253649,
  "precision_macro": 0.9052629239196404,
  "recall_macro": 0.9051658170659597,
  "f1_macro": 0.9047942608918218,
  "f1_weighted": 0.9047892953654068,
  "f1_not_hate": 0.9045296167247386,
  "f1_hate": 0.9050589050589051,
  "confusion_matrix": [
    [
      649,
      84
    ],
    [
      53,
      653
    ]
  ]
}