{
  "model": "banglabert-adapt250",
  "train_variant": "augmented",
  "test_set": "bidwesh_chittagong",
  "seed": 44,
  "tag": "full",
  "labels": [
    "not_hate",
    "hate"
  ],
  "n": 1494,
  "accuracy": 0.8527443105756358,
  "precision_macro": 0.8527404625023297,
  "recall_macro": 0.8527556345701669,
  "f1_macro": 0.852741935483871,
  "f1_weighted": 0.8527458939701458,
  "f1_not_hate": 0.8533333333333334,
  "f1_hate": 0.8521505376344086,
  "confusion_matrix": [
    [
      640,
      112
    ],
    [
      108,
      634
    ]
  ]
}