{
  "model": "xlm-roberta-base",
  "train_variant": "augmented",
  "test_set": "bidwesh_noakhali",
  "seed": 42,
  "tag": "full",
  "labels": [
    "not_hate",
    "hate"
  ],
  "n": 1475,
  "accuracy": 0.888135593220339,
  "precision_macro": 0.8912403634922222,
  "recall_macro": 0.8883486488176005,
  "f1_macro": 0.8879501847354427,
  "f1_weighted": 0.8879285537455381,
  "f1_not_hate": 0.8833922261484098,
  "f1_hate": 0.8925081433224755,
  "confusion_matrix": [
    [
      625,
      116
    ],
    [
      49,
      685
    ]
  ]
}