{
  "model": "banglabert-adapt1000",
  "train_variant": "augmented",
  "test_set": "bidwesh_noakhali",
  "seed": 44,
  "tag": "full",
  "labels": [
    "not_hate",
    "hate"
  ],
  "n": 1475,
  "accuracy": 0.8989830508474577,
  "precision_macro": 0.9011046569632741,
  "recall_macro": 0.899157740294984,
  "f1_macro": 0.8988759598789133,
  "f1_weighted": 0.8988603424460007,
  "f1_not_hate": 0.8955851436580238,
  "f1_hate": 0.902166776099803,
  "confusion_matrix": [
    [
      639,
      102
    ],
    [
      47,
      687
    ]
  ]
}