{
  "model": "muril-base-cased",
  "train_variant": "clean",
  "test_set": "bidwesh_barishal",
  "seed": 42,
  "tag": "full",
  "labels": [
    "not_hate",
    "hate"
  ],
  "n": 1439,
  "accuracy": 0.8999305072967339,
  "precision_macro": 0.9011728065285391,
  "recall_macro": 0.9004952676145608,
  "f1_macro": 0.8999130585985047,
  "f1_weighted": 0.8998882630799684,
  "f1_not_hate": 0.8985915492957747,
  "f1_hate": 0.9012345679012346,
  "confusion_matrix": [
    [
      638,
      95
    ],
    [
      49,
      657
    ]
  ]
}