{
  "model": "banglabert",
  "train_variant": "augmented",
  "test_set": "bidwesh_noakhali",
  "tag": "full",
  "labels": [
    "not_hate",
    "hate"
  ],
  "n": 3000,
  "accuracy": 0.9006666666666666,
  "precision_macro": 0.9020869478387858,
  "recall_macro": 0.9009109916367981,
  "f1_macro": 0.9006125557247835,
  "f1_weighted": 0.9005940034018522,
  "f1_not_hate": 0.8982935153583618,
  "f1_hate": 0.9029315960912052,
  "confusion_matrix": [
    [
      1316,
      196
    ],
    [
      102,
      1386
    ]
  ]
}