{
  "model": "xlm-roberta-base",
  "train_variant": "augmented",
  "test_set": "bidwesh_heldout",
  "seed": 44,
  "tag": "full",
  "labels": [
    "not_hate",
    "hate"
  ],
  "n": 4408,
  "accuracy": 0.8763611615245009,
  "precision_macro": 0.8779035242684736,
  "recall_macro": 0.8766862831811035,
  "f1_macro": 0.8762909680346584,
  "f1_weighted": 0.8762615536198674,
  "f1_not_hate": 0.8733441784801301,
  "f1_hate": 0.8792377575891868,
  "confusion_matrix": [
    [
      1879,
      347
    ],
    [
      198,
      1984
    ]
  ]
}