{
  "model": "tfidf_svm",
  "train_variant": "dialect",
  "test_set": "bidwesh_noakhali",
  "seed": 43,
  "tag": "full",
  "labels": [
    "not_hate",
    "hate"
  ],
  "n": 1475,
  "accuracy": 0.8603389830508474,
  "precision_macro": 0.8614478710381547,
  "recall_macro": 0.8604709741236344,
  "f1_macro": 0.8602603016924208,
  "f1_weighted": 0.8602445654207356,
  "f1_not_hate": 0.8569444444444444,
  "f1_hate": 0.8635761589403973,
  "confusion_matrix": [
    [
      617,
      124
    ],
    [
      82,
      652
    ]
  ]
}