{
  "model": "xlm-roberta-base",
  "train_variant": "augmented",
  "test_set": "bidwesh_heldout",
  "seed": 42,
  "tag": "full",
  "labels": [
    "not_hate",
    "hate"
  ],
  "n": 4408,
  "accuracy": 0.8788566243194192,
  "precision_macro": 0.8796935611718777,
  "recall_macro": 0.8790982003371537,
  "f1_macro": 0.8788277881419799,
  "f1_weighted": 0.878809129438931,
  "f1_not_hate": 0.8769585253456221,
  "f1_hate": 0.8806970509383378,
  "confusion_matrix": [
    [
      1903,
      323
    ],
    [
      211,
      1971
    ]
  ]
}