{
  "model": "tfidf_lr",
  "train_variant": "aug_dia",
  "test_set": "bidwesh_noakhali",
  "seed": 44,
  "tag": "full",
  "labels": [
    "not_hate",
    "hate"
  ],
  "n": 1475,
  "accuracy": 0.8779661016949153,
  "precision_macro": 0.8783243726609333,
  "recall_macro": 0.87804057408245,
  "f1_macro": 0.8779498891205773,
  "f1_weighted": 0.8779432133546732,
  "f1_not_hate": 0.8765432098765432,
  "f1_hate": 0.8793565683646113,
  "confusion_matrix": [
    [
      639,
      102
    ],
    [
      78,
      656
    ]
  ]
}