{
  "model": "banglabert-adapt250",
  "train_variant": "augmented",
  "test_set": "bidwesh_chittagong",
  "seed": 43,
  "tag": "full",
  "labels": [
    "not_hate",
    "hate"
  ],
  "n": 1494,
  "accuracy": 0.8527443105756358,
  "precision_macro": 0.8532859297565181,
  "recall_macro": 0.8526122612834777,
  "f1_macro": 0.852648982870915,
  "f1_weighted": 0.8526740691089993,
  "f1_not_hate": 0.856396866840731,
  "f1_hate": 0.8489010989010989,
  "confusion_matrix": [
    [
      656,
      96
    ],
    [
      124,
      618
    ]
  ]
}