{
  "model": "banglabert-adapt500",
  "train_variant": "augmented",
  "test_set": "bidwesh_heldout",
  "seed": 44,
  "tag": "full",
  "labels": [
    "not_hate",
    "hate"
  ],
  "n": 4408,
  "accuracy": 0.8874773139745916,
  "precision_macro": 0.8886886461542787,
  "recall_macro": 0.8872033949252357,
  "f1_macro": 0.8873288676488533,
  "f1_weighted": 0.8873696903884315,
  "f1_not_hate": 0.8914185639229422,
  "f1_hate": 0.8832391713747646,
  "confusion_matrix": [
    [
      2036,
      190
    ],
    [
      306,
      1876
    ]
  ]
}