{
  "model": "muril-base-cased",
  "train_variant": "clean",
  "test_set": "bidwesh_noakhali",
  "seed": 43,
  "tag": "full",
  "labels": [
    "not_hate",
    "hate"
  ],
  "n": 1475,
  "accuracy": 0.888135593220339,
  "precision_macro": 0.8905257883311823,
  "recall_macro": 0.8883229085079078,
  "f1_macro": 0.887996388271824,
  "f1_weighted": 0.8879776491441392,
  "f1_not_hate": 0.8840477863668307,
  "f1_hate": 0.8919449901768173,
  "confusion_matrix": [
    [
      629,
      112
    ],
    [
      53,
      681
    ]
  ]
}