{
  "model": "xlm-roberta-base",
  "train_variant": "clean",
  "test_set": "augmented",
  "seed": 43,
  "tag": "full",
  "labels": [
    "not_hate",
    "hate"
  ],
  "n": 5028,
  "accuracy": 0.8947891805887033,
  "precision_macro": 0.8948820227608059,
  "recall_macro": 0.8954754165694756,
  "f1_macro": 0.8947576713132857,
  "f1_weighted": 0.8948286577268703,
  "f1_not_hate": 0.8965786901270772,
  "f1_hate": 0.892936652499494,
  "confusion_matrix": [
    [
      2293,
      319
    ],
    [
      210,
      2206
    ]
  ]
}