{
  "model": "banglabert-nct_smoke",
  "train_variant": "clean",
  "test_set": "bidwesh_heldout",
  "seed": 42,
  "tag": "smoke",
  "labels": [
    "not_hate",
    "hate"
  ],
  "n": 500,
  "accuracy": 0.514,
  "precision_macro": 0.5166666666666666,
  "recall_macro": 0.5060024009603842,
  "f1_macro": 0.41579516768842406,
  "f1_weighted": 0.420585647313379,
  "f1_not_hate": 0.6553191489361702,
  "f1_hate": 0.17627118644067796,
  "confusion_matrix": [
    [
      231,
      24
    ],
    [
      219,
      26
    ]
  ]
}