{
  "model": "banglabert-adaptfull",
  "train_variant": "augmented",
  "test_set": "clean",
  "seed": 44,
  "tag": "full",
  "labels": [
    "not_hate",
    "hate"
  ],
  "n": 5028,
  "accuracy": 0.9309864757358791,
  "precision_macro": 0.9308743783729729,
  "recall_macro": 0.9315103876149813,
  "f1_macro": 0.9309503541675712,
  "f1_weighted": 0.9310119178839916,
  "f1_not_hate": 0.9325296519541124,
  "f1_hate": 0.9293710563810299,
  "confusion_matrix": [
    [
      2398,
      214
    ],
    [
      133,
      2283
    ]
  ]
}