{
  "model": "banglabert-nct_smoke",
  "train_variant": "clean",
  "test_set": "bidwesh_chittagong",
  "seed": 42,
  "tag": "smoke",
  "labels": [
    "not_hate",
    "hate"
  ],
  "n": 197,
  "accuracy": 0.5380710659898477,
  "precision_macro": 0.5230061349693251,
  "recall_macro": 0.5132179141613105,
  "f1_macro": 0.4668550185873606,
  "f1_weighted": 0.48169169512954546,
  "f1_not_hate": 0.6617100371747212,
  "f1_hate": 0.272,
  "confusion_matrix": [
    [
      89,
      17
    ],
    [
      74,
      17
    ]
  ]
}