{
  "model": "banglabert-adapt500",
  "train_variant": "augmented",
  "test_set": "bidwesh_noakhali",
  "seed": 43,
  "tag": "full",
  "labels": [
    "not_hate",
    "hate"
  ],
  "n": 1475,
  "accuracy": 0.8922033898305085,
  "precision_macro": 0.8966027877801437,
  "recall_macro": 0.8924551475103605,
  "f1_macro": 0.8919459225106787,
  "f1_weighted": 0.8919208909656953,
  "f1_not_hate": 0.8866714183891661,
  "f1_hate": 0.8972204266321914,
  "confusion_matrix": [
    [
      622,
      119
    ],
    [
      40,
      694
    ]
  ]
}