{
  "model": "muril-base-cased",
  "train_variant": "clean",
  "test_set": "bidwesh_barishal",
  "seed": 44,
  "tag": "full",
  "labels": [
    "not_hate",
    "hate"
  ],
  "n": 1439,
  "accuracy": 0.9041000694927033,
  "precision_macro": 0.9046087857454894,
  "recall_macro": 0.9044836888258505,
  "f1_macro": 0.904098911670279,
  "f1_weighted": 0.9040926594291878,
  "f1_not_hate": 0.9037656903765691,
  "f1_hate": 0.9044321329639889,
  "confusion_matrix": [
    [
      648,
      85
    ],
    [
      53,
      653
    ]
  ]
}