{
  "model": "xlm-roberta-base",
  "train_variant": "aug_dia",
  "test_set": "bidwesh_heldout",
  "seed": 42,
  "tag": "full",
  "labels": [
    "not_hate",
    "hate"
  ],
  "n": 4408,
  "accuracy": 0.8924682395644283,
  "precision_macro": 0.8935800940826937,
  "recall_macro": 0.8927428778958447,
  "f1_macro": 0.8924310148303056,
  "f1_weighted": 0.8924110405827276,
  "f1_not_hate": 0.8904299583911235,
  "f1_hate": 0.8944320712694878,
  "confusion_matrix": [
    [
      1926,
      300
    ],
    [
      174,
      2008
    ]
  ]
}