{
  "model": "banglabert",
  "train_variant": "augmented",
  "test_set": "bidwesh_chittagong",
  "seed": 42,
  "tag": "full",
  "labels": [
    "not_hate",
    "hate"
  ],
  "n": 1494,
  "accuracy": 0.8507362784471219,
  "precision_macro": 0.8513117465471138,
  "recall_macro": 0.8505996587715776,
  "f1_macro": 0.8506344947243125,
  "f1_weighted": 0.8506605931147764,
  "f1_not_hate": 0.8545335942596216,
  "f1_hate": 0.8467353951890034,
  "confusion_matrix": [
    [
      655,
      97
    ],
    [
      126,
      616
    ]
  ]
}