{
  "model": "muril-base-cased",
  "train_variant": "augmented",
  "test_set": "clean",
  "seed": 42,
  "tag": "full",
  "labels": [
    "not_hate",
    "hate"
  ],
  "n": 5028,
  "accuracy": 0.9224343675417661,
  "precision_macro": 0.9224191290391178,
  "recall_macro": 0.9230617349370709,
  "f1_macro": 0.9224036737443524,
  "f1_weighted": 0.9224638335872832,
  "f1_not_hate": 0.9239469578783152,
  "f1_hate": 0.9208603896103896,
  "confusion_matrix": [
    [
      2369,
      243
    ],
    [
      147,
      2269
    ]
  ]
}