{
  "model": "muril-base-cased",
  "train_variant": "clean",
  "test_set": "bidwesh_chittagong",
  "seed": 43,
  "tag": "full",
  "labels": [
    "not_hate",
    "hate"
  ],
  "n": 1494,
  "accuracy": 0.8340026773761714,
  "precision_macro": 0.8359697485783564,
  "recall_macro": 0.8337443367551758,
  "f1_macro": 0.833678086619263,
  "f1_weighted": 0.8337272670369765,
  "f1_not_hate": 0.841025641025641,
  "f1_hate": 0.8263305322128851,
  "confusion_matrix": [
    [
      656,
      96
    ],
    [
      152,
      590
    ]
  ]
}