{
  "model": "tfidf_svm",
  "train_variant": "augmented",
  "test_set": "bidwesh_chittagong",
  "tag": "full",
  "labels": [
    "not_hate",
    "hate"
  ],
  "n": 3054,
  "accuracy": 0.8156516044531762,
  "precision_macro": 0.8170613966972098,
  "recall_macro": 0.8152438122076602,
  "f1_macro": 0.8152906783563876,
  "f1_weighted": 0.8153869253155314,
  "f1_not_hate": 0.8234556287237379,
  "f1_hate": 0.8071257279890374,
  "confusion_matrix": [
    [
      1313,
      232
    ],
    [
      331,
      1178
    ]
  ]
}