{
  "model": "xlm-roberta-base",
  "train_variant": "clean",
  "test_set": "clean",
  "seed": 44,
  "tag": "full",
  "labels": [
    "not_hate",
    "hate"
  ],
  "n": 5028,
  "accuracy": 0.9093078758949881,
  "precision_macro": 0.9092779003129657,
  "recall_macro": 0.9098997368234232,
  "f1_macro": 0.9092705372851536,
  "f1_weighted": 0.9093422859864042,
  "f1_not_hate": 0.9111111111111111,
  "f1_hate": 0.9074299634591961,
  "confusion_matrix": [
    [
      2337,
      275
    ],
    [
      181,
      2235
    ]
  ]
}