{
  "model": "xlm-roberta-base",
  "train_variant": "clean",
  "test_set": "bidwesh_heldout",
  "seed": 43,
  "tag": "full",
  "labels": [
    "not_hate",
    "hate"
  ],
  "n": 4408,
  "accuracy": 0.8681941923774955,
  "precision_macro": 0.8691982221452053,
  "recall_macro": 0.8684596177332632,
  "f1_macro": 0.8681518431908448,
  "f1_weighted": 0.8681282563020772,
  "f1_not_hate": 0.8657888657888658,
  "f1_hate": 0.8705148205928237,
  "confusion_matrix": [
    [
      1874,
      352
    ],
    [
      229,
      1953
    ]
  ]
}