{
  "model": "xlm-roberta-base",
  "train_variant": "aug_dia",
  "test_set": "bidwesh_barishal",
  "seed": 43,
  "tag": "full",
  "labels": [
    "not_hate",
    "hate"
  ],
  "n": 1439,
  "accuracy": 0.9047949965253649,
  "precision_macro": 0.9056370036554939,
  "recall_macro": 0.9052701652953248,
  "f1_macro": 0.9047883754141961,
  "f1_weighted": 0.9047734779140666,
  "f1_not_hate": 0.9039943938332166,
  "f1_hate": 0.9055823569951758,
  "confusion_matrix": [
    [
      645,
      88
    ],
    [
      49,
      657
    ]
  ]
}