{
  "model": "tfidf_lr",
  "train_variant": "augmented",
  "test_set": "clean",
  "seed": 44,
  "tag": "full",
  "labels": [
    "not_hate",
    "hate"
  ],
  "n": 5028,
  "accuracy": 0.9053301511535402,
  "precision_macro": 0.9059853905025546,
  "recall_macro": 0.9045648966055799,
  "f1_macro": 0.9050440300440301,
  "f1_weighted": 0.9052472174986097,
  "f1_not_hate": 0.9102564102564102,
  "f1_hate": 0.8998316498316499,
  "confusion_matrix": [
    [
      2414,
      198
    ],
    [
      278,
      2138
    ]
  ]
}