{
  "model": "tfidf_lr",
  "train_variant": "clean",
  "test_set": "bidwesh",
  "tag": "full",
  "labels": [
    "not_hate",
    "hate"
  ],
  "n": 8987,
  "accuracy": 0.857572048514521,
  "precision_macro": 0.8582487483226287,
  "recall_macro": 0.8572895373325337,
  "f1_macro": 0.8574163253508145,
  "f1_weighted": 0.8574766221987142,
  "f1_not_hate": 0.8621283929340802,
  "f1_hate": 0.8527042577675489,
  "confusion_matrix": [
    [
      4002,
      549
    ],
    [
      731,
      3705
    ]
  ]
}