{
  "model": "banglabert-nct",
  "train_variant": "clean",
  "test_set": "bidwesh_barishal",
  "seed": 44,
  "tag": "full",
  "labels": [
    "not_hate",
    "hate"
  ],
  "n": 1439,
  "accuracy": 0.9103544127866574,
  "precision_macro": 0.9110017439454929,
  "recall_macro": 0.9107793653308804,
  "f1_macro": 0.9103516420150706,
  "f1_weighted": 0.910342290660965,
  "f1_not_hate": 0.909853249475891,
  "f1_hate": 0.9108500345542502,
  "confusion_matrix": [
    [
      651,
      82
    ],
    [
      47,
      659
    ]
  ]
}