{
  "model": "majority",
  "train_variant": "clean",
  "test_set": "bidwesh_barishal",
  "tag": "full",
  "labels": [
    "not_hate",
    "hate"
  ],
  "n": 2933,
  "accuracy": 0.5093760654619843,
  "precision_macro": 0.25468803273099216,
  "recall_macro": 0.5,
  "f1_macro": 0.337474587756946,
  "f1_weighted": 0.34380295541007655,
  "f1_not_hate": 0.674949175513892,
  "f1_hate": 0.0,
  "confusion_matrix": [
    [
      1494,
      0
    ],
    [
      1439,
      0
    ]
  ]
}