{
  "model": "muril-base-cased",
  "train_variant": "clean",
  "test_set": "clean",
  "seed": 43,
  "tag": "full",
  "labels": [
    "not_hate",
    "hate"
  ],
  "n": 5028,
  "accuracy": 0.9154733492442323,
  "precision_macro": 0.9153119242493077,
  "recall_macro": 0.9158960046854558,
  "f1_macro": 0.9154210745319276,
  "f1_weighted": 0.9155030412808214,
  "f1_not_hate": 0.917523772559674,
  "f1_hate": 0.9133183765041811,
  "confusion_matrix": [
    [
      2364,
      248
    ],
    [
      177,
      2239
    ]
  ]
}