{
  "model": "muril-base-cased",
  "train_variant": "clean",
  "test_set": "bidwesh_heldout",
  "seed": 42,
  "tag": "full",
  "labels": [
    "not_hate",
    "hate"
  ],
  "n": 4408,
  "accuracy": 0.8679673321234119,
  "precision_macro": 0.868213720838276,
  "recall_macro": 0.8681036463493271,
  "f1_macro": 0.8679640431951037,
  "f1_weighted": 0.8679574653384869,
  "f1_not_hate": 0.8673050615595075,
  "f1_hate": 0.8686230248306998,
  "confusion_matrix": [
    [
      1902,
      324
    ],
    [
      258,
      1924
    ]
  ]
}