{
  "model": "tfidf_lr",
  "train_variant": "clean",
  "test_set": "bidwesh_noakhali",
  "seed": 42,
  "tag": "full",
  "labels": [
    "not_hate",
    "hate"
  ],
  "n": 1475,
  "accuracy": 0.8616949152542372,
  "precision_macro": 0.8618814558135428,
  "recall_macro": 0.8617497159372967,
  "f1_macro": 0.8616872228228494,
  "f1_weighted": 0.8616823276392387,
  "f1_not_hate": 0.860655737704918,
  "f1_hate": 0.8627187079407806,
  "confusion_matrix": [
    [
      630,
      111
    ],
    [
      93,
      641
    ]
  ]
}