{
  "model": "muril-base-cased",
  "train_variant": "augmented",
  "test_set": "augmented",
  "seed": 43,
  "tag": "full",
  "labels": [
    "not_hate",
    "hate"
  ],
  "n": 5028,
  "accuracy": 0.904733492442323,
  "precision_macro": 0.9047108099807806,
  "recall_macro": 0.9053261564049775,
  "f1_macro": 0.9046950361216439,
  "f1_weighted": 0.9047696642291003,
  "f1_not_hate": 0.9066094755312927,
  "f1_hate": 0.9027805967119952,
  "confusion_matrix": [
    [
      2325,
      287
    ],
    [
      192,
      2224
    ]
  ]
}