{
  "model": "banglabert",
  "train_variant": "augmented",
  "test_set": "augmented",
  "seed": 44,
  "tag": "full",
  "labels": [
    "not_hate",
    "hate"
  ],
  "n": 5028,
  "accuracy": 0.912291169451074,
  "precision_macro": 0.9122540355316335,
  "recall_macro": 0.912879805888259,
  "f1_macro": 0.9122543472690632,
  "f1_weighted": 0.9123244166639575,
  "f1_not_hate": 0.9140518417462483,
  "f1_hate": 0.9104568527918782,
  "confusion_matrix": [
    [
      2345,
      267
    ],
    [
      174,
      2242
    ]
  ]
}