{
  "model": "banglabert",
  "train_variant": "clean",
  "test_set": "bidwesh_noakhali",
  "seed": 43,
  "tag": "full",
  "labels": [
    "not_hate",
    "hate"
  ],
  "n": 1475,
  "accuracy": 0.8949152542372881,
  "precision_macro": 0.8949354102086068,
  "recall_macro": 0.8949354102086068,
  "f1_macro": 0.8949152542372881,
  "f1_weighted": 0.8949152542372881,
  "f1_not_hate": 0.8949152542372881,
  "f1_hate": 0.8949152542372881,
  "confusion_matrix": [
    [
      660,
      81
    ],
    [
      74,
      660
    ]
  ]
}