{
  "model": "tfidf_lr",
  "train_variant": "dialect",
  "test_set": "bidwesh_barishal",
  "seed": 42,
  "tag": "full",
  "labels": [
    "not_hate",
    "hate"
  ],
  "n": 1439,
  "accuracy": 0.8950660180681028,
  "precision_macro": 0.8956969999883766,
  "recall_macro": 0.8947029746974868,
  "f1_macro": 0.8949288134478585,
  "f1_weighted": 0.89500005430837,
  "f1_not_hate": 0.8987256874580818,
  "f1_hate": 0.8911319394376351,
  "confusion_matrix": [
    [
      670,
      63
    ],
    [
      88,
      618
    ]
  ]
}