{
  "model": "tfidf_svm",
  "train_variant": "clean",
  "test_set": "bidwesh_chittagong",
  "seed": 42,
  "tag": "full",
  "labels": [
    "not_hate",
    "hate"
  ],
  "n": 1494,
  "accuracy": 0.8085676037483266,
  "precision_macro": 0.8134177907400656,
  "recall_macro": 0.8081468285828983,
  "f1_macro": 0.8076711174487944,
  "f1_weighted": 0.807759008262474,
  "f1_not_hate": 0.8208020050125313,
  "f1_hate": 0.7945402298850575,
  "confusion_matrix": [
    [
      655,
      97
    ],
    [
      189,
      553
    ]
  ]
}