{
  "model": "banglabert-adapt1000",
  "train_variant": "augmented",
  "test_set": "augmented",
  "seed": 42,
  "tag": "full",
  "labels": [
    "not_hate",
    "hate"
  ],
  "n": 5028,
  "accuracy": 0.9085123309466985,
  "precision_macro": 0.90869325528862,
  "recall_macro": 0.9092893345030071,
  "f1_macro": 0.9084903084903084,
  "f1_weighted": 0.908545646970468,
  "f1_not_hate": 0.9099099099099099,
  "f1_hate": 0.907070707070707,
  "confusion_matrix": [
    [
      2323,
      289
    ],
    [
      171,
      2245
    ]
  ]
}