{
  "model": "banglabert",
  "train_variant": "dialect",
  "test_set": "augmented",
  "seed": 42,
  "tag": "full",
  "labels": [
    "not_hate",
    "hate"
  ],
  "n": 5028,
  "accuracy": 0.9095067621320605,
  "precision_macro": 0.9092753474503054,
  "recall_macro": 0.9096408070748354,
  "f1_macro": 0.9094138819917574,
  "f1_weighted": 0.909526953466909,
  "f1_not_hate": 0.9123145114665638,
  "f1_hate": 0.9065132525169509,
  "confusion_matrix": [
    [
      2367,
      245
    ],
    [
      210,
      2206
    ]
  ]
}