{
  "model": "banglabert-adapt1000",
  "train_variant": "augmented",
  "test_set": "bidwesh_barishal",
  "seed": 44,
  "tag": "full",
  "labels": [
    "not_hate",
    "hate"
  ],
  "n": 1439,
  "accuracy": 0.911049339819319,
  "precision_macro": 0.9116508139040328,
  "recall_macro": 0.9114614935709897,
  "f1_macro": 0.9110472349073151,
  "f1_weighted": 0.9110391159610145,
  "f1_not_hate": 0.9106145251396648,
  "f1_hate": 0.9114799446749654,
  "confusion_matrix": [
    [
      652,
      81
    ],
    [
      47,
      659
    ]
  ]
}