{
  "model": "banglabert_smoke",
  "train_variant": "clean",
  "test_set": "bidwesh",
  "tag": "smoke",
  "labels": [
    "not_hate",
    "hate"
  ],
  "n": 500,
  "accuracy": 0.524,
  "precision_macro": 0.5736584637215729,
  "recall_macro": 0.5315726290516207,
  "f1_macro": 0.4494411133318528,
  "f1_weighted": 0.4453889999259753,
  "f1_not_hate": 0.652046783625731,
  "f1_hate": 0.2468354430379747,
  "confusion_matrix": [
    [
      223,
      22
    ],
    [
      216,
      39
    ]
  ]
}