{
  "model": "banglabert-adapt250",
  "train_variant": "augmented",
  "test_set": "clean",
  "seed": 44,
  "tag": "full",
  "labels": [
    "not_hate",
    "hate"
  ],
  "n": 5028,
  "accuracy": 0.9210421638822593,
  "precision_macro": 0.9218949288528819,
  "recall_macro": 0.9222187078486456,
  "f1_macro": 0.9210395371540196,
  "f1_weighted": 0.9210572902138463,
  "f1_not_hate": 0.9214949574846747,
  "f1_hate": 0.9205841168233647,
  "confusion_matrix": [
    [
      2330,
      282
    ],
    [
      115,
      2301
    ]
  ]
}