{
  "model": "tfidf_svm",
  "train_variant": "aug_dia",
  "test_set": "bidwesh_noakhali",
  "seed": 44,
  "tag": "full",
  "labels": [
    "not_hate",
    "hate"
  ],
  "n": 1475,
  "accuracy": 0.8671186440677966,
  "precision_macro": 0.8681378024011471,
  "recall_macro": 0.8672443527599127,
  "f1_macro": 0.8670520975509257,
  "f1_weighted": 0.8670379816231047,
  "f1_not_hate": 0.8640776699029126,
  "f1_hate": 0.870026525198939,
  "confusion_matrix": [
    [
      623,
      118
    ],
    [
      78,
      656
    ]
  ]
}