{
  "model": "muril-base-cased",
  "train_variant": "clean",
  "test_set": "bidwesh_heldout",
  "seed": 43,
  "tag": "full",
  "labels": [
    "not_hate",
    "hate"
  ],
  "n": 4408,
  "accuracy": 0.8729582577132486,
  "precision_macro": 0.8730818772401434,
  "recall_macro": 0.873058833896217,
  "f1_macro": 0.8729580223348656,
  "f1_weighted": 0.8729562962267242,
  "f1_not_hate": 0.8727850976828714,
  "f1_hate": 0.87313094698686,
  "confusion_matrix": [
    [
      1921,
      305
    ],
    [
      255,
      1927
    ]
  ]
}