{
  "model": "tfidf_svm",
  "train_variant": "aug_dia",
  "test_set": "bidwesh_chittagong",
  "seed": 42,
  "tag": "full",
  "labels": [
    "not_hate",
    "hate"
  ],
  "n": 1494,
  "accuracy": 0.8514056224899599,
  "precision_macro": 0.8514051186464979,
  "recall_macro": 0.851390004014452,
  "f1_macro": 0.8513960352920302,
  "f1_weighted": 0.8514040246236383,
  "f1_not_hate": 0.852589641434263,
  "f1_hate": 0.8502024291497976,
  "confusion_matrix": [
    [
      642,
      110
    ],
    [
      112,
      630
    ]
  ]
}