{
  "model": "banglabert",
  "train_variant": "clean",
  "test_set": "clean",
  "seed": 44,
  "tag": "full",
  "labels": [
    "not_hate",
    "hate"
  ],
  "n": 5028,
  "accuracy": 0.9248210023866349,
  "precision_macro": 0.9246183804123574,
  "recall_macro": 0.9251569424865369,
  "f1_macro": 0.9247643273978752,
  "f1_weighted": 0.924844822309447,
  "f1_not_hate": 0.926829268292683,
  "f1_hate": 0.9226993865030675,
  "confusion_matrix": [
    [
      2394,
      218
    ],
    [
      160,
      2256
    ]
  ]
}