{
  "model": "banglabert",
  "train_variant": "dialect",
  "test_set": "bidwesh_barishal",
  "seed": 43,
  "tag": "full",
  "labels": [
    "not_hate",
    "hate"
  ],
  "n": 1439,
  "accuracy": 0.9089645587213343,
  "precision_macro": 0.9093760646040447,
  "recall_macro": 0.9086846712451062,
  "f1_macro": 0.9088714375146536,
  "f1_weighted": 0.908926095614227,
  "f1_not_hate": 0.9117845117845118,
  "f1_hate": 0.9059583632447954,
  "confusion_matrix": [
    [
      677,
      56
    ],
    [
      75,
      631
    ]
  ]
}