{
  "model": "muril-base-cased",
  "train_variant": "augmented",
  "test_set": "bidwesh_heldout",
  "seed": 42,
  "tag": "full",
  "labels": [
    "not_hate",
    "hate"
  ],
  "n": 4408,
  "accuracy": 0.8761343012704175,
  "precision_macro": 0.876127767689121,
  "recall_macro": 0.8761128995464813,
  "f1_macro": 0.8761196119447235,
  "f1_weighted": 0.876133077159943,
  "f1_not_hate": 0.8774685816876122,
  "f1_hate": 0.8747706422018349,
  "confusion_matrix": [
    [
      1955,
      271
    ],
    [
      275,
      1907
    ]
  ]
}