{
  "model": "tfidf_svm_smoke",
  "train_variant": "clean",
  "test_set": "bidwesh_clean",
  "tag": "smoke",
  "labels": [
    "not_hate",
    "hate"
  ],
  "n": 8959,
  "accuracy": 0.7328942962384195,
  "precision_macro": 0.734827143813074,
  "recall_macro": 0.7334075497372021,
  "f1_macro": 0.7325984422776227,
  "f1_weighted": 0.7324902272382708,
  "f1_not_hate": 0.7237039602817227,
  "f1_hate": 0.7414929242735228,
  "confusion_matrix": [
    [
      3134,
      1400
    ],
    [
      993,
      3432
    ]
  ]
}