{
  "model": "muril-base-cased",
  "train_variant": "clean",
  "test_set": "augmented",
  "seed": 43,
  "tag": "full",
  "labels": [
    "not_hate",
    "hate"
  ],
  "n": 5028,
  "accuracy": 0.89618138424821,
  "precision_macro": 0.8959438670004871,
  "recall_macro": 0.896256325872438,
  "f1_macro": 0.8960680987000949,
  "f1_weighted": 0.8962018575400379,
  "f1_not_hate": 0.8994994224104736,
  "f1_hate": 0.8926367749897162,
  "confusion_matrix": [
    [
      2336,
      276
    ],
    [
      246,
      2170
    ]
  ]
}