{
  "model": "banglabert",
  "train_variant": "augmented",
  "test_set": "bidwesh_clean",
  "tag": "full",
  "labels": [
    "not_hate",
    "hate"
  ],
  "n": 8959,
  "accuracy": 0.8813483647728542,
  "precision_macro": 0.881330419293424,
  "recall_macro": 0.8813810531352568,
  "f1_macro": 0.8813407009104594,
  "f1_weighted": 0.8813523031465847,
  "f1_not_hate": 0.8822943195659395,
  "f1_hate": 0.8803870822549792,
  "confusion_matrix": [
    [
      3984,
      550
    ],
    [
      513,
      3912
    ]
  ]
}