{
  "model": "tfidf_lr_smoke",
  "train_variant": "clean",
  "test_set": "augmented",
  "tag": "smoke",
  "labels": [
    "not_hate",
    "hate"
  ],
  "n": 5028,
  "accuracy": 0.7673031026252983,
  "precision_macro": 0.767133284365056,
  "recall_macro": 0.7664830811435758,
  "f1_macro": 0.7666983088962678,
  "f1_weighted": 0.7671613540950568,
  "f1_not_hate": 0.7785768357305072,
  "f1_hate": 0.7548197820620285,
  "confusion_matrix": [
    [
      2057,
      555
    ],
    [
      615,
      1801
    ]
  ]
}