{
  "model": "muril-base-cased",
  "train_variant": "clean",
  "test_set": "bidwesh_heldout",
  "seed": 44,
  "tag": "full",
  "labels": [
    "not_hate",
    "hate"
  ],
  "n": 4408,
  "accuracy": 0.8722776769509982,
  "precision_macro": 0.8723405679482688,
  "recall_macro": 0.8722083319950951,
  "f1_macro": 0.8722463737863181,
  "f1_weighted": 0.8722663352246649,
  "f1_not_hate": 0.8742461469734197,
  "f1_hate": 0.8702466005992164,
  "confusion_matrix": [
    [
      1957,
      269
    ],
    [
      294,
      1888
    ]
  ]
}