{
  "model": "tfidf_svm",
  "train_variant": "augmented",
  "test_set": "bidwesh_chittagong",
  "seed": 44,
  "tag": "full",
  "labels": [
    "not_hate",
    "hate"
  ],
  "n": 1494,
  "accuracy": 0.8179384203480589,
  "precision_macro": 0.8190918777267426,
  "recall_macro": 0.8177331249641566,
  "f1_macro": 0.8177002583979328,
  "f1_weighted": 0.817744362462771,
  "f1_not_hate": 0.8242894056847545,
  "f1_hate": 0.8111111111111111,
  "confusion_matrix": [
    [
      638,
      114
    ],
    [
      158,
      584
    ]
  ]
}