{
  "model": "xlm-roberta-base",
  "train_variant": "clean",
  "test_set": "bidwesh_barishal",
  "seed": 44,
  "tag": "full",
  "labels": [
    "not_hate",
    "hate"
  ],
  "n": 1439,
  "accuracy": 0.896455872133426,
  "precision_macro": 0.8972873914473048,
  "recall_macro": 0.8969281040699675,
  "f1_macro": 0.8964486710709141,
  "f1_weighted": 0.8964324686802623,
  "f1_not_hate": 0.8955851436580238,
  "f1_hate": 0.8973121984838043,
  "confusion_matrix": [
    [
      639,
      94
    ],
    [
      55,
      651
    ]
  ]
}