{
  "model": "banglabert",
  "train_variant": "clean",
  "test_set": "clean",
  "seed": 43,
  "tag": "full",
  "labels": [
    "not_hate",
    "hate"
  ],
  "n": 5028,
  "accuracy": 0.9240254574383453,
  "precision_macro": 0.9239573558874996,
  "recall_macro": 0.9238477150796629,
  "f1_macro": 0.9239001856162612,
  "f1_weighted": 0.9240205448178713,
  "f1_not_hate": 0.9269877675840978,
  "f1_hate": 0.9208126036484245,
  "confusion_matrix": [
    [
      2425,
      187
    ],
    [
      195,
      2221
    ]
  ]
}