{
  "model": "banglabert-adapt1000",
  "train_variant": "augmented",
  "test_set": "clean",
  "seed": 43,
  "tag": "full",
  "labels": [
    "not_hate",
    "hate"
  ],
  "n": 5028,
  "accuracy": 0.9272076372315036,
  "precision_macro": 0.9272919272112322,
  "recall_macro": 0.9279354456760951,
  "f1_macro": 0.9271853326707036,
  "f1_weighted": 0.9272350110106671,
  "f1_not_hate": 0.9284597341673182,
  "f1_hate": 0.9259109311740891,
  "confusion_matrix": [
    [
      2375,
      237
    ],
    [
      129,
      2287
    ]
  ]
}