{
  "model": "banglabert-adaptfull",
  "train_variant": "augmented",
  "test_set": "bidwesh_chittagong",
  "seed": 44,
  "tag": "full",
  "labels": [
    "not_hate",
    "hate"
  ],
  "n": 1494,
  "accuracy": 0.8875502008032129,
  "precision_macro": 0.8875899667373974,
  "recall_macro": 0.8875899667373974,
  "f1_macro": 0.8875502008032129,
  "f1_weighted": 0.8875502008032129,
  "f1_not_hate": 0.8875502008032129,
  "f1_hate": 0.8875502008032129,
  "confusion_matrix": [
    [
      663,
      89
    ],
    [
      79,
      663
    ]
  ]
}