{
  "model": "tfidf_svm",
  "train_variant": "clean",
  "test_set": "bidwesh_noakhali",
  "seed": 43,
  "tag": "full",
  "labels": [
    "not_hate",
    "hate"
  ],
  "n": 1475,
  "accuracy": 0.8494915254237289,
  "precision_macro": 0.849596172093947,
  "recall_macro": 0.8495331810977875,
  "f1_macro": 0.8494881355558253,
  "f1_weighted": 0.8494847456879216,
  "f1_not_hate": 0.8487738419618529,
  "f1_hate": 0.8502024291497976,
  "confusion_matrix": [
    [
      623,
      118
    ],
    [
      104,
      630
    ]
  ]
}