{
  "model": "muril-base-cased",
  "train_variant": "augmented",
  "test_set": "clean",
  "seed": 43,
  "tag": "full",
  "labels": [
    "not_hate",
    "hate"
  ],
  "n": 5028,
  "accuracy": 0.9178599840891011,
  "precision_macro": 0.917935116686959,
  "recall_macro": 0.9185658017504539,
  "f1_macro": 0.9178342398326615,
  "f1_weighted": 0.9178909350490899,
  "f1_not_hate": 0.9192886456908345,
  "f1_hate": 0.9163798339744887,
  "confusion_matrix": [
    [
      2352,
      260
    ],
    [
      153,
      2263
    ]
  ]
}