{
  "model": "qwen2.5-7b-fewshot",
  "train_variant": "fewshot",
  "test_set": "clean_subset",
  "seed": 42,
  "tag": "full",
  "labels": [
    "not_hate",
    "hate"
  ],
  "n": 1500,
  "accuracy": 0.7133333333333334,
  "precision_macro": 0.7461922268907564,
  "recall_macro": 0.7133333333333334,
  "f1_macro": 0.7034379132328301,
  "f1_weighted": 0.7034379132328301,
  "f1_not_hate": 0.6492659053833605,
  "f1_hate": 0.7576099210822999,
  "confusion_matrix": [
    [
      398,
      352
    ],
    [
      78,
      672
    ]
  ]
}