{
  "model": "muril-base-cased",
  "train_variant": "augmented",
  "test_set": "bidwesh_chittagong",
  "seed": 43,
  "tag": "full",
  "labels": [
    "not_hate",
    "hate"
  ],
  "n": 1494,
  "accuracy": 0.8400267737617135,
  "precision_macro": 0.8419641456036968,
  "recall_macro": 0.8397731834604576,
  "f1_macro": 0.8397233876661889,
  "f1_weighted": 0.8397700624501158,
  "f1_not_hate": 0.846696600384862,
  "f1_hate": 0.8327501749475158,
  "confusion_matrix": [
    [
      660,
      92
    ],
    [
      147,
      595
    ]
  ]
}