{
  "model": "banglabert",
  "train_variant": "dialect",
  "test_set": "clean",
  "seed": 43,
  "tag": "full",
  "labels": [
    "not_hate",
    "hate"
  ],
  "n": 5028,
  "accuracy": 0.9248210023866349,
  "precision_macro": 0.9251470081095001,
  "recall_macro": 0.9243183523827876,
  "f1_macro": 0.9246406104804279,
  "f1_weighted": 0.9247843373650482,
  "f1_not_hate": 0.9283276450511946,
  "f1_hate": 0.9209535759096612,
  "confusion_matrix": [
    [
      2448,
      164
    ],
    [
      214,
      2202
    ]
  ]
}