{
  "model": "tiny-random-electraforsequenceclassification_smoke-adapt50",
  "train_variant": "clean",
  "test_set": "bidwesh_noakhali",
  "seed": 42,
  "tag": "smoke",
  "labels": [
    "not_hate",
    "hate"
  ],
  "n": 163,
  "accuracy": 0.4662576687116564,
  "precision_macro": 0.2331288343558282,
  "recall_macro": 0.5,
  "f1_macro": 0.3179916317991632,
  "f1_weighted": 0.2965320738249865,
  "f1_not_hate": 0.6359832635983264,
  "f1_hate": 0.0,
  "confusion_matrix": [
    [
      76,
      0
    ],
    [
      87,
      0
    ]
  ]
}