{
  "model": "tfidf_lr",
  "train_variant": "augmented",
  "test_set": "bidwesh_noakhali",
  "tag": "full",
  "labels": [
    "not_hate",
    "hate"
  ],
  "n": 3000,
  "accuracy": 0.8746666666666667,
  "precision_macro": 0.8746986580951637,
  "recall_macro": 0.8747119815668203,
  "f1_macro": 0.8746664438514558,
  "f1_weighted": 0.8746677807427213,
  "f1_not_hate": 0.8748335552596538,
  "f1_hate": 0.8744993324432577,
  "confusion_matrix": [
    [
      1314,
      198
    ],
    [
      178,
      1310
    ]
  ]
}