{
  "model": "banglabert",
  "train_variant": "dialect",
  "test_set": "clean",
  "seed": 44,
  "tag": "full",
  "labels": [
    "not_hate",
    "hate"
  ],
  "n": 5028,
  "accuracy": 0.9238265712012729,
  "precision_macro": 0.9236024579231452,
  "recall_macro": 0.9240134681500562,
  "f1_macro": 0.9237522289138856,
  "f1_weighted": 0.923845038393681,
  "f1_not_hate": 0.9261330761812921,
  "f1_hate": 0.9213713816464791,
  "confusion_matrix": [
    [
      2401,
      211
    ],
    [
      172,
      2244
    ]
  ]
}