{
  "model": "banglabert",
  "train_variant": "augmented",
  "test_set": "bidwesh_barishal",
  "seed": 43,
  "tag": "full",
  "labels": [
    "not_hate",
    "hate"
  ],
  "n": 1439,
  "accuracy": 0.9145239749826268,
  "precision_macro": 0.9147798851507494,
  "recall_macro": 0.9148199606568528,
  "f1_macro": 0.9145238098687556,
  "f1_weighted": 0.9145260389060171,
  "f1_not_hate": 0.9146426092990978,
  "f1_hate": 0.9144050104384134,
  "confusion_matrix": [
    [
      659,
      74
    ],
    [
      49,
      657
    ]
  ]
}