{
  "model": "banglabert",
  "train_variant": "augmented",
  "test_set": "bidwesh_chittagong",
  "seed": 44,
  "tag": "full",
  "labels": [
    "not_hate",
    "hate"
  ],
  "n": 1494,
  "accuracy": 0.856091030789826,
  "precision_macro": 0.8574685558649815,
  "recall_macro": 0.8558829643860757,
  "f1_macro": 0.8558957313355564,
  "f1_weighted": 0.8559312403272418,
  "f1_not_hate": 0.8612007746933505,
  "f1_hate": 0.8505906879777624,
  "confusion_matrix": [
    [
      667,
      85
    ],
    [
      130,
      612
    ]
  ]
}