{
  "model": "banglabert",
  "train_variant": "aug_dia",
  "test_set": "bidwesh_heldout",
  "seed": 43,
  "tag": "full",
  "labels": [
    "not_hate",
    "hate"
  ],
  "n": 4408,
  "accuracy": 0.8933756805807622,
  "precision_macro": 0.8950917649547787,
  "recall_macro": 0.8937138212426592,
  "f1_macro": 0.8933092406754761,
  "f1_weighted": 0.8932826647133616,
  "f1_not_hate": 0.8906468124709167,
  "f1_hate": 0.8959716688800354,
  "confusion_matrix": [
    [
      1914,
      312
    ],
    [
      158,
      2024
    ]
  ]
}