{
  "model": "banglabert-adapt1000",
  "train_variant": "augmented",
  "test_set": "bidwesh_chittagong",
  "seed": 44,
  "tag": "full",
  "labels": [
    "not_hate",
    "hate"
  ],
  "n": 1494,
  "accuracy": 0.8601070950468541,
  "precision_macro": 0.8602006623003373,
  "recall_macro": 0.8600515426965647,
  "f1_macro": 0.8600794499001835,
  "f1_weighted": 0.8600926142557409,
  "f1_not_hate": 0.862046204620462,
  "f1_hate": 0.858112695179905,
  "confusion_matrix": [
    [
      653,
      99
    ],
    [
      110,
      632
    ]
  ]
}