{
  "model": "banglabert-adapt1000",
  "train_variant": "augmented",
  "test_set": "clean",
  "seed": 42,
  "tag": "full",
  "labels": [
    "not_hate",
    "hate"
  ],
  "n": 5028,
  "accuracy": 0.9250198886237072,
  "precision_macro": 0.9250277087969596,
  "recall_macro": 0.9256744850562356,
  "f1_macro": 0.9249919721423943,
  "f1_weighted": 0.9250483807025729,
  "f1_not_hate": 0.926439024390244,
  "f1_hate": 0.9235449198945447,
  "confusion_matrix": [
    [
      2374,
      238
    ],
    [
      139,
      2277
    ]
  ]
}