{
  "model": "tfidf_svm",
  "train_variant": "aug_dia",
  "test_set": "augmented",
  "seed": 44,
  "tag": "full",
  "labels": [
    "not_hate",
    "hate"
  ],
  "n": 5028,
  "accuracy": 0.887629276054097,
  "precision_macro": 0.8877369412978355,
  "recall_macro": 0.8871399070008013,
  "f1_macro": 0.8873790541500832,
  "f1_weighted": 0.8875859887204914,
  "f1_not_hate": 0.8926875593542261,
  "f1_hate": 0.8820705489459403,
  "confusion_matrix": [
    [
      2350,
      262
    ],
    [
      303,
      2113
    ]
  ]
}