{
  "model": "muril-base-cased",
  "train_variant": "clean",
  "test_set": "bidwesh_noakhali",
  "seed": 44,
  "tag": "full",
  "labels": [
    "not_hate",
    "hate"
  ],
  "n": 1475,
  "accuracy": 0.8888135593220339,
  "precision_macro": 0.8900002581006741,
  "recall_macro": 0.888946191721181,
  "f1_macro": 0.8887509197939661,
  "f1_weighted": 0.8887383918883526,
  "f1_not_hate": 0.8861111111111111,
  "f1_hate": 0.8913907284768212,
  "confusion_matrix": [
    [
      638,
      103
    ],
    [
      61,
      673
    ]
  ]
}