{
  "model": "banglabert-adapt1000",
  "train_variant": "augmented",
  "test_set": "bidwesh_noakhali",
  "seed": 43,
  "tag": "full",
  "labels": [
    "not_hate",
    "hate"
  ],
  "n": 1475,
  "accuracy": 0.8922033898305085,
  "precision_macro": 0.8957356076759062,
  "recall_macro": 0.8924294072006678,
  "f1_macro": 0.8920000607866623,
  "f1_weighted": 0.8919778216724916,
  "f1_not_hate": 0.88731396172927,
  "f1_hate": 0.8966861598440545,
  "confusion_matrix": [
    [
      626,
      115
    ],
    [
      44,
      690
    ]
  ]
}