{
  "model": "banglabert-adapt250",
  "train_variant": "augmented",
  "test_set": "augmented",
  "seed": 43,
  "tag": "full",
  "labels": [
    "not_hate",
    "hate"
  ],
  "n": 5028,
  "accuracy": 0.9180588703261734,
  "precision_macro": 0.9178654512652519,
  "recall_macro": 0.9184155781264262,
  "f1_macro": 0.9180006292248833,
  "f1_weighted": 0.9180858177013972,
  "f1_not_hate": 0.9201859744285161,
  "f1_hate": 0.9158152840212506,
  "confusion_matrix": [
    [
      2375,
      237
    ],
    [
      175,
      2241
    ]
  ]
}