{
  "model": "muril-base-cased",
  "train_variant": "augmented",
  "test_set": "bidwesh_barishal",
  "seed": 42,
  "tag": "full",
  "labels": [
    "not_hate",
    "hate"
  ],
  "n": 1439,
  "accuracy": 0.9068797776233496,
  "precision_macro": 0.9073903328191627,
  "recall_macro": 0.9072643759009696,
  "f1_macro": 0.9068786533609956,
  "f1_weighted": 0.9068725823442838,
  "f1_not_hate": 0.9065550906555091,
  "f1_hate": 0.907202216066482,
  "confusion_matrix": [
    [
      650,
      83
    ],
    [
      51,
      655
    ]
  ]
}