{
  "model": "tfidf_svm",
  "train_variant": "clean",
  "test_set": "bidwesh_clean",
  "tag": "full",
  "labels": [
    "not_hate",
    "hate"
  ],
  "n": 8959,
  "accuracy": 0.8504297354615471,
  "precision_macro": 0.8510597263703171,
  "recall_macro": 0.8501658280561932,
  "f1_macro": 0.850276084282582,
  "f1_weighted": 0.850334439608391,
  "f1_not_hate": 0.855072463768116,
  "f1_hate": 0.8454797047970479,
  "confusion_matrix": [
    [
      3953,
      581
    ],
    [
      759,
      3666
    ]
  ]
}