{
  "model": "tfidf_lr",
  "train_variant": "clean",
  "test_set": "bidwesh_chittagong",
  "seed": 44,
  "tag": "full",
  "labels": [
    "not_hate",
    "hate"
  ],
  "n": 1494,
  "accuracy": 0.8159303882195449,
  "precision_macro": 0.8214671158955817,
  "recall_macro": 0.8154875408613866,
  "f1_macro": 0.8149813540293624,
  "f1_weighted": 0.8150700488134917,
  "f1_not_hate": 0.8282323547782636,
  "f1_hate": 0.8017303532804614,
  "confusion_matrix": [
    [
      663,
      89
    ],
    [
      186,
      556
    ]
  ]
}