{
  "model": "tfidf_lr",
  "train_variant": "aug_dia",
  "test_set": "clean",
  "seed": 42,
  "tag": "full",
  "labels": [
    "not_hate",
    "hate"
  ],
  "n": 5028,
  "accuracy": 0.9049323786793954,
  "precision_macro": 0.9054684440217087,
  "recall_macro": 0.9042286365526404,
  "f1_macro": 0.9046615171748458,
  "f1_weighted": 0.904859609916979,
  "f1_not_hate": 0.9097432024169184,
  "f1_hate": 0.8995798319327731,
  "confusion_matrix": [
    [
      2409,
      203
    ],
    [
      275,
      2141
    ]
  ]
}