{
  "model": "tfidf_lr",
  "train_variant": "dialect",
  "test_set": "bidwesh_noakhali",
  "seed": 43,
  "tag": "full",
  "labels": [
    "not_hate",
    "hate"
  ],
  "n": 1475,
  "accuracy": 0.8806779661016949,
  "precision_macro": 0.8806797498097098,
  "recall_macro": 0.8806881487936988,
  "f1_macro": 0.8806774724951463,
  "f1_weighted": 0.88067862424376,
  "f1_not_hate": 0.8809201623815968,
  "f1_hate": 0.8804347826086957,
  "confusion_matrix": [
    [
      651,
      90
    ],
    [
      86,
      648
    ]
  ]
}