{
  "model": "xlm-roberta-base",
  "train_variant": "clean",
  "test_set": "bidwesh_chittagong",
  "seed": 42,
  "tag": "full",
  "labels": [
    "not_hate",
    "hate"
  ],
  "n": 1494,
  "accuracy": 0.8246318607764391,
  "precision_macro": 0.8246955810851513,
  "recall_macro": 0.8245791994035672,
  "f1_macro": 0.8246004276683115,
  "f1_weighted": 0.8246161442223753,
  "f1_not_hate": 0.8269484808454426,
  "f1_hate": 0.8222523744911805,
  "confusion_matrix": [
    [
      626,
      126
    ],
    [
      136,
      606
    ]
  ]
}