{
  "model": "xlm-roberta-base",
  "train_variant": "clean",
  "test_set": "clean",
  "seed": 42,
  "tag": "full",
  "labels": [
    "not_hate",
    "hate"
  ],
  "n": 5028,
  "accuracy": 0.9110978520286396,
  "precision_macro": 0.9110522404777732,
  "recall_macro": 0.9108460822693022,
  "f1_macro": 0.9109410137309157,
  "f1_weighted": 0.9110867023866214,
  "f1_not_hate": 0.9146783737354457,
  "f1_hate": 0.9072036537263857,
  "confusion_matrix": [
    [
      2396,
      216
    ],
    [
      231,
      2185
    ]
  ]
}