{
  "model": "xlm-roberta-base",
  "train_variant": "clean",
  "test_set": "bidwesh_heldout",
  "seed": 44,
  "tag": "full",
  "labels": [
    "not_hate",
    "hate"
  ],
  "n": 4408,
  "accuracy": 0.8697822141560798,
  "precision_macro": 0.8704227860395438,
  "recall_macro": 0.869995709402174,
  "f1_macro": 0.8697611941281889,
  "f1_weighted": 0.8697446783919889,
  "f1_not_hate": 0.8681066176470589,
  "f1_hate": 0.871415770609319,
  "confusion_matrix": [
    [
      1889,
      337
    ],
    [
      237,
      1945
    ]
  ]
}