{
  "model": "xlm-roberta-base",
  "train_variant": "clean",
  "test_set": "bidwesh_barishal",
  "seed": 43,
  "tag": "full",
  "labels": [
    "not_hate",
    "hate"
  ],
  "n": 1439,
  "accuracy": 0.8936761640027797,
  "precision_macro": 0.8945041873779085,
  "recall_macro": 0.8941474169948482,
  "f1_macro": 0.8936687696231533,
  "f1_weighted": 0.893652132268994,
  "f1_not_hate": 0.8927820602662929,
  "f1_hate": 0.8945554789800138,
  "confusion_matrix": [
    [
      637,
      96
    ],
    [
      57,
      649
    ]
  ]
}