{
  "model": "muril-base-cased",
  "train_variant": "augmented",
  "test_set": "augmented",
  "seed": 44,
  "tag": "full",
  "labels": [
    "not_hate",
    "hate"
  ],
  "n": 5028,
  "accuracy": 0.9097056483691328,
  "precision_macro": 0.9098462960091394,
  "recall_macro": 0.910453409125483,
  "f1_macro": 0.9096816261415854,
  "f1_weighted": 0.9097390451245034,
  "f1_not_hate": 0.9111545988258317,
  "f1_hate": 0.9082086534573393,
  "confusion_matrix": [
    [
      2328,
      284
    ],
    [
      170,
      2246
    ]
  ]
}