{
  "model": "banglabert",
  "train_variant": "dialect",
  "test_set": "bidwesh_barishal",
  "seed": 42,
  "tag": "full",
  "labels": [
    "not_hate",
    "hate"
  ],
  "n": 1439,
  "accuracy": 0.9200833912439194,
  "precision_macro": 0.9202805309221584,
  "recall_macro": 0.9203552477497497,
  "f1_macro": 0.9200827737413103,
  "f1_weighted": 0.9200869418839215,
  "f1_not_hate": 0.9203049203049203,
  "f1_hate": 0.9198606271777003,
  "confusion_matrix": [
    [
      664,
      69
    ],
    [
      46,
      660
    ]
  ]
}