{
  "model": "banglabert-adapt1000",
  "train_variant": "augmented",
  "test_set": "augmented",
  "seed": 44,
  "tag": "full",
  "labels": [
    "not_hate",
    "hate"
  ],
  "n": 5028,
  "accuracy": 0.9136833731105808,
  "precision_macro": 0.9135349910279416,
  "recall_macro": 0.9141265985821933,
  "f1_macro": 0.9136325244697399,
  "f1_weighted": 0.9137142157287957,
  "f1_not_hate": 0.9157281553398058,
  "f1_hate": 0.9115368935996738,
  "confusion_matrix": [
    [
      2358,
      254
    ],
    [
      180,
      2236
    ]
  ]
}