{
  "model": "banglabert-adaptfull",
  "train_variant": "augmented",
  "test_set": "bidwesh_chittagong",
  "seed": 43,
  "tag": "full",
  "labels": [
    "not_hate",
    "hate"
  ],
  "n": 1494,
  "accuracy": 0.8902275769745649,
  "precision_macro": 0.8903535824428028,
  "recall_macro": 0.8901688937317199,
  "f1_macro": 0.8902037684983366,
  "f1_weighted": 0.8902145905329859,
  "f1_not_hate": 0.8918205804749341,
  "f1_hate": 0.8885869565217391,
  "confusion_matrix": [
    [
      676,
      76
    ],
    [
      88,
      654
    ]
  ]
}