{
  "model": "banglabert-adapt500",
  "train_variant": "augmented",
  "test_set": "augmented",
  "seed": 43,
  "tag": "full",
  "labels": [
    "not_hate",
    "hate"
  ],
  "n": 5028,
  "accuracy": 0.9168655529037391,
  "precision_macro": 0.9168655529037391,
  "recall_macro": 0.9174999746458019,
  "f1_macro": 0.9168339586833698,
  "f1_weighted": 0.9168971471241084,
  "f1_not_hate": 0.9184549356223176,
  "f1_hate": 0.9152129817444219,
  "confusion_matrix": [
    [
      2354,
      258
    ],
    [
      160,
      2256
    ]
  ]
}