{
  "model": "banglabert_smoke",
  "train_variant": "clean",
  "test_set": "bidwesh_noakhali",
  "tag": "smoke",
  "labels": [
    "not_hate",
    "hate"
  ],
  "n": 158,
  "accuracy": 0.5443037974683544,
  "precision_macro": 0.6587412587412588,
  "recall_macro": 0.5545935545935545,
  "f1_macro": 0.46136363636363636,
  "f1_weighted": 0.4560126582278481,
  "f1_not_hate": 0.6727272727272727,
  "f1_hate": 0.25,
  "confusion_matrix": [
    [
      74,
      3
    ],
    [
      69,
      12
    ]
  ]
}