{
  "model": "muril-base-cased",
  "train_variant": "augmented",
  "test_set": "bidwesh_chittagong",
  "seed": 42,
  "tag": "full",
  "labels": [
    "not_hate",
    "hate"
  ],
  "n": 1494,
  "accuracy": 0.8253012048192772,
  "precision_macro": 0.8298929114085289,
  "recall_macro": 0.8249035814647014,
  "f1_macro": 0.8245616560943425,
  "f1_weighted": 0.8246378982309337,
  "f1_not_hate": 0.8359522313010685,
  "f1_hate": 0.8131710808876164,
  "confusion_matrix": [
    [
      665,
      87
    ],
    [
      174,
      568
    ]
  ]
}