{
  "model": "xlm-roberta-base",
  "train_variant": "augmented",
  "test_set": "bidwesh_chittagong",
  "seed": 42,
  "tag": "full",
  "labels": [
    "not_hate",
    "hate"
  ],
  "n": 1494,
  "accuracy": 0.8447121820615796,
  "precision_macro": 0.8448025551684089,
  "recall_macro": 0.8447679503354935,
  "f1_macro": 0.8447110688972321,
  "f1_weighted": 0.8447082859863634,
  "f1_not_hate": 0.8442953020134228,
  "f1_hate": 0.8451268357810414,
  "confusion_matrix": [
    [
      629,
      123
    ],
    [
      109,
      633
    ]
  ]
}