{
  "model": "banglabert",
  "train_variant": "dialect",
  "test_set": "bidwesh_noakhali",
  "seed": 43,
  "tag": "full",
  "labels": [
    "not_hate",
    "hate"
  ],
  "n": 1475,
  "accuracy": 0.9016949152542373,
  "precision_macro": 0.9018035814131427,
  "recall_macro": 0.9016573082254998,
  "f1_macro": 0.9016802732127646,
  "f1_weighted": 0.901685967340004,
  "f1_not_hate": 0.9028801071667782,
  "f1_hate": 0.9004804392587509,
  "confusion_matrix": [
    [
      674,
      67
    ],
    [
      78,
      656
    ]
  ]
}