{
  "model": "banglabert-adaptfull",
  "train_variant": "augmented",
  "test_set": "bidwesh_barishal",
  "seed": 42,
  "tag": "full",
  "labels": [
    "not_hate",
    "hate"
  ],
  "n": 1439,
  "accuracy": 0.9159138290479499,
  "precision_macro": 0.9167698199330794,
  "recall_macro": 0.9163929135958013,
  "f1_macro": 0.915907981205239,
  "f1_weighted": 0.915894823559139,
  "f1_not_hate": 0.9152067274001402,
  "f1_hate": 0.9166092350103378,
  "confusion_matrix": [
    [
      653,
      80
    ],
    [
      41,
      665
    ]
  ]
}