{
  "model": "xlm-roberta-base",
  "train_variant": "clean",
  "test_set": "bidwesh_noakhali",
  "seed": 44,
  "tag": "full",
  "labels": [
    "not_hate",
    "hate"
  ],
  "n": 1475,
  "accuracy": 0.8840677966101695,
  "precision_macro": 0.8867767402094135,
  "recall_macro": 0.8842678904345331,
  "f1_macro": 0.8839004478273538,
  "f1_weighted": 0.883879529229502,
  "f1_not_hate": 0.879492600422833,
  "f1_hate": 0.8883082952318746,
  "confusion_matrix": [
    [
      624,
      117
    ],
    [
      54,
      680
    ]
  ]
}