{
  "model": "xlm-roberta-base",
  "train_variant": "clean",
  "test_set": "bidwesh_noakhali",
  "seed": 42,
  "tag": "full",
  "labels": [
    "not_hate",
    "hate"
  ],
  "n": 1475,
  "accuracy": 0.8772881355932204,
  "precision_macro": 0.8788766342583365,
  "recall_macro": 0.8774430311788695,
  "f1_macro": 0.8771885598941238,
  "f1_weighted": 0.8771719639442744,
  "f1_not_hate": 0.8736915561758548,
  "f1_hate": 0.8806855636123929,
  "confusion_matrix": [
    [
      626,
      115
    ],
    [
      66,
      668
    ]
  ]
}