{
  "model": "majority",
  "train_variant": "clean",
  "test_set": "bidwesh_barishal",
  "seed": 42,
  "tag": "full",
  "labels": [
    "not_hate",
    "hate"
  ],
  "n": 1439,
  "accuracy": 0.5093815149409312,
  "precision_macro": 0.2546907574704656,
  "recall_macro": 0.5,
  "f1_macro": 0.3374769797421731,
  "f1_weighted": 0.3438090703975162,
  "f1_not_hate": 0.6749539594843462,
  "f1_hate": 0.0,
  "confusion_matrix": [
    [
      733,
      0
    ],
    [
      706,
      0
    ]
  ]
}