{
  "model": "locktest_smoke",
  "train_variant": "clean",
  "test_set": "clean",
  "seed": 42,
  "tag": "smoke",
  "labels": [
    "not_hate",
    "hate"
  ],
  "n": 4,
  "accuracy": 0.75,
  "precision_macro": 0.8333333333333333,
  "recall_macro": 0.75,
  "f1_macro": 0.7333333333333334,
  "f1_weighted": 0.7333333333333334,
  "f1_not_hate": 0.6666666666666666,
  "f1_hate": 0.8,
  "confusion_matrix": [
    [
      1,
      1
    ],
    [
      0,
      2
    ]
  ]
}