{
  "model": "banglabert",
  "train_variant": "aug_dia",
  "test_set": "bidwesh_chittagong",
  "seed": 44,
  "tag": "full",
  "labels": [
    "not_hate",
    "hate"
  ],
  "n": 1494,
  "accuracy": 0.8815261044176707,
  "precision_macro": 0.8816670701202292,
  "recall_macro": 0.8814625508975168,
  "f1_macro": 0.8814980190516991,
  "f1_weighted": 0.8815102300803824,
  "f1_not_hate": 0.8833223467369808,
  "f1_hate": 0.8796736913664174,
  "confusion_matrix": [
    [
      670,
      82
    ],
    [
      95,
      647
    ]
  ]
}