{
  "model": "banglabert-nct_smoke",
  "train_variant": "clean",
  "test_set": "bidwesh_noakhali",
  "seed": 42,
  "tag": "smoke",
  "labels": [
    "not_hate",
    "hate"
  ],
  "n": 163,
  "accuracy": 0.4662576687116564,
  "precision_macro": 0.48225806451612907,
  "recall_macro": 0.4966727162734422,
  "f1_macro": 0.35379357484620644,
  "f1_weighted": 0.3356008537797366,
  "f1_not_hate": 0.6233766233766234,
  "f1_hate": 0.08421052631578947,
  "confusion_matrix": [
    [
      72,
      4
    ],
    [
      83,
      4
    ]
  ]
}