{
  "model": "muril-base-cased",
  "train_variant": "augmented",
  "test_set": "bidwesh_barishal",
  "seed": 44,
  "tag": "full",
  "labels": [
    "not_hate",
    "hate"
  ],
  "n": 1439,
  "accuracy": 0.9068797776233496,
  "precision_macro": 0.908136284802874,
  "recall_macro": 0.9074469853023587,
  "f1_macro": 0.9068635406402752,
  "f1_weighted": 0.9068404670327483,
  "f1_not_hate": 0.9056338028169014,
  "f1_hate": 0.9080932784636488,
  "confusion_matrix": [
    [
      643,
      90
    ],
    [
      44,
      662
    ]
  ]
}