{
  "model": "banglabert",
  "train_variant": "clean",
  "test_set": "augmented",
  "tag": "full",
  "labels": [
    "not_hate",
    "hate"
  ],
  "n": 5028,
  "accuracy": 0.8983691328560064,
  "precision_macro": 0.8982099221539247,
  "recall_macro": 0.8982222270113485,
  "f1_macro": 0.8982160389044637,
  "f1_weighted": 0.8983699179531938,
  "f1_not_hate": 0.9021635075627035,
  "f1_hate": 0.8942685702462239,
  "confusion_matrix": [
    [
      2356,
      256
    ],
    [
      255,
      2161
    ]
  ]
}