{
  "model": "tfidf_svm",
  "train_variant": "clean",
  "test_set": "augmented",
  "seed": 43,
  "tag": "full",
  "labels": [
    "not_hate",
    "hate"
  ],
  "n": 5028,
  "accuracy": 0.8778838504375497,
  "precision_macro": 0.8807566786614514,
  "recall_macro": 0.8761916473129621,
  "f1_macro": 0.8771447004546677,
  "f1_weighted": 0.8775161707024751,
  "f1_not_hate": 0.8866740494647471,
  "f1_hate": 0.8676153514445882,
  "confusion_matrix": [
    [
      2402,
      210
    ],
    [
      404,
      2012
    ]
  ]
}