{
  "model": "tfidf_lr",
  "train_variant": "dialect",
  "test_set": "bidwesh_heldout",
  "seed": 43,
  "tag": "full",
  "labels": [
    "not_hate",
    "hate"
  ],
  "n": 4408,
  "accuracy": 0.8779491833030852,
  "precision_macro": 0.8782663975382667,
  "recall_macro": 0.8778056680361992,
  "f1_macro": 0.877883796445531,
  "f1_weighted": 0.8779120025409466,
  "f1_not_hate": 0.880709534368071,
  "f1_hate": 0.8750580585229911,
  "confusion_matrix": [
    [
      1986,
      240
    ],
    [
      298,
      1884
    ]
  ]
}