{
  "model": "banglabert-adaptfull",
  "train_variant": "augmented",
  "test_set": "bidwesh_heldout",
  "seed": 43,
  "tag": "full",
  "labels": [
    "not_hate",
    "hate"
  ],
  "n": 4408,
  "accuracy": 0.9015426497277677,
  "precision_macro": 0.9015530303030304,
  "recall_macro": 0.9015917212050238,
  "f1_macro": 0.9015410079392119,
  "f1_weighted": 0.9015450212001259,
  "f1_not_hate": 0.9019430637144148,
  "f1_hate": 0.9011389521640091,
  "confusion_matrix": [
    [
      1996,
      230
    ],
    [
      204,
      1978
    ]
  ]
}