{
  "model": "xlm-roberta-base",
  "train_variant": "aug_dia",
  "test_set": "bidwesh_heldout",
  "seed": 44,
  "tag": "full",
  "labels": [
    "not_hate",
    "hate"
  ],
  "n": 4408,
  "accuracy": 0.8906533575317604,
  "precision_macro": 0.8919190468170546,
  "recall_macro": 0.8909459327026732,
  "f1_macro": 0.8906077550600946,
  "f1_weighted": 0.8905854605183914,
  "f1_not_hate": 0.88837424733673,
  "f1_hate": 0.8928412627834593,
  "confusion_matrix": [
    [
      1918,
      308
    ],
    [
      174,
      2008
    ]
  ]
}