{
  "model": "banglabert",
  "train_variant": "augmented",
  "test_set": "bidwesh_heldout",
  "seed": 44,
  "tag": "full",
  "labels": [
    "not_hate",
    "hate"
  ],
  "n": 4408,
  "accuracy": 0.8867967332123412,
  "precision_macro": 0.8868794103568433,
  "recall_macro": 0.8868828353851614,
  "f1_macro": 0.8867967273862697,
  "f1_weighted": 0.8867969837334159,
  "f1_not_hate": 0.8868224087094579,
  "f1_hate": 0.8867710460630814,
  "confusion_matrix": [
    [
      1955,
      271
    ],
    [
      228,
      1954
    ]
  ]
}