{
  "model": "tfidf_svm",
  "train_variant": "clean",
  "test_set": "bidwesh_barishal",
  "seed": 42,
  "tag": "full",
  "labels": [
    "not_hate",
    "hate"
  ],
  "n": 1439,
  "accuracy": 0.8776928422515636,
  "precision_macro": 0.877716025517108,
  "recall_macro": 0.8775715075227344,
  "f1_macro": 0.87762848661018,
  "f1_weighted": 0.8776811412258575,
  "f1_not_hate": 0.8804347826086957,
  "f1_hate": 0.8748221906116643,
  "confusion_matrix": [
    [
      648,
      85
    ],
    [
      91,
      615
    ]
  ]
}