{
  "model": "banglabert-adapt500",
  "train_variant": "augmented",
  "test_set": "augmented",
  "seed": 44,
  "tag": "full",
  "labels": [
    "not_hate",
    "hate"
  ],
  "n": 5028,
  "accuracy": 0.9110978520286396,
  "precision_macro": 0.9113877511811299,
  "recall_macro": 0.910566552234719,
  "f1_macro": 0.9108827893983986,
  "f1_weighted": 0.911053446384339,
  "f1_not_hate": 0.915260663507109,
  "f1_hate": 0.9065049152896884,
  "confusion_matrix": [
    [
      2414,
      198
    ],
    [
      249,
      2167
    ]
  ]
}