{
  "model": "tfidf_lr",
  "train_variant": "clean",
  "test_set": "bidwesh_barishal",
  "tag": "full",
  "labels": [
    "not_hate",
    "hate"
  ],
  "n": 2933,
  "accuracy": 0.8888510057961132,
  "precision_macro": 0.8888655211947054,
  "recall_macro": 0.8887479498722246,
  "f1_macro": 0.8887963895967836,
  "f1_weighted": 0.8888426033039086,
  "f1_not_hate": 0.8912608405603736,
  "f1_hate": 0.8863319386331938,
  "confusion_matrix": [
    [
      1336,
      158
    ],
    [
      168,
      1271
    ]
  ]
}