{
  "model": "banglabert-nct",
  "train_variant": "clean",
  "test_set": "bidwesh_barishal",
  "seed": 43,
  "tag": "full",
  "labels": [
    "not_hate",
    "hate"
  ],
  "n": 1439,
  "accuracy": 0.9096594857539958,
  "precision_macro": 0.910171879892836,
  "recall_macro": 0.9100450629760888,
  "f1_macro": 0.9096583950517121,
  "f1_weighted": 0.9096525052593798,
  "f1_not_hate": 0.9093444909344491,
  "f1_hate": 0.909972299168975,
  "confusion_matrix": [
    [
      652,
      81
    ],
    [
      49,
      657
    ]
  ]
}