{
  "model": "banglabert-nct",
  "train_variant": "clean",
  "test_set": "augmented",
  "seed": 43,
  "tag": "full",
  "labels": [
    "not_hate",
    "hate"
  ],
  "n": 5028,
  "accuracy": 0.9186555290373906,
  "precision_macro": 0.9186045039775182,
  "recall_macro": 0.9192383218563329,
  "f1_macro": 0.9186200390751649,
  "f1_weighted": 0.918686287004653,
  "f1_not_hate": 0.920319501266316,
  "f1_hate": 0.9169205768840138,
  "confusion_matrix": [
    [
      2362,
      250
    ],
    [
      159,
      2257
    ]
  ]
}