{
  "model": "xlm-roberta-base",
  "train_variant": "augmented",
  "test_set": "augmented",
  "seed": 44,
  "tag": "full",
  "labels": [
    "not_hate",
    "hate"
  ],
  "n": 5028,
  "accuracy": 0.903739061256961,
  "precision_macro": 0.9038993194798882,
  "recall_macro": 0.9044932709958116,
  "f1_macro": 0.9037146859840383,
  "f1_weighted": 0.903774405402699,
  "f1_not_hate": 0.9052466718872357,
  "f1_hate": 0.9021827000808408,
  "confusion_matrix": [
    [
      2312,
      300
    ],
    [
      184,
      2232
    ]
  ]
}