{
  "model": "banglabert",
  "train_variant": "dialect",
  "test_set": "bidwesh_chittagong",
  "seed": 43,
  "tag": "full",
  "labels": [
    "not_hate",
    "hate"
  ],
  "n": 1494,
  "accuracy": 0.8842034805890228,
  "precision_macro": 0.8865888318461108,
  "recall_macro": 0.8839429087572404,
  "f1_macro": 0.8839701249850171,
  "f1_weighted": 0.8840049541796449,
  "f1_not_hate": 0.8891736066623959,
  "f1_hate": 0.8787666433076384,
  "confusion_matrix": [
    [
      694,
      58
    ],
    [
      115,
      627
    ]
  ]
}