{
  "model": "tfidf_svm",
  "train_variant": "clean",
  "test_set": "bidwesh_heldout",
  "seed": 42,
  "tag": "full",
  "labels": [
    "not_hate",
    "hate"
  ],
  "n": 4408,
  "accuracy": 0.8448275862068966,
  "precision_macro": 0.8453864533940797,
  "recall_macro": 0.8446218879783378,
  "f1_macro": 0.8446966325470998,
  "f1_weighted": 0.8447416478676549,
  "f1_not_hate": 0.8492063492063492,
  "f1_hate": 0.8401869158878504,
  "confusion_matrix": [
    [
      1926,
      300
    ],
    [
      384,
      1798
    ]
  ]
}