{
  "model": "tfidf_svm",
  "train_variant": "augmented",
  "test_set": "bidwesh_noakhali",
  "seed": 42,
  "tag": "full",
  "labels": [
    "not_hate",
    "hate"
  ],
  "n": 1475,
  "accuracy": 0.8528813559322034,
  "precision_macro": 0.8547770547654152,
  "recall_macro": 0.8530550070418133,
  "f1_macro": 0.8527253912330484,
  "f1_weighted": 0.8527026463810882,
  "f1_not_hate": 0.8479327259985985,
  "f1_hate": 0.8575180564674983,
  "confusion_matrix": [
    [
      605,
      136
    ],
    [
      81,
      653
    ]
  ]
}