{
  "model": "banglabert-nct",
  "train_variant": "clean",
  "test_set": "bidwesh_chittagong",
  "seed": 44,
  "tag": "full",
  "labels": [
    "not_hate",
    "hate"
  ],
  "n": 1494,
  "accuracy": 0.8467202141900937,
  "precision_macro": 0.8467122347412961,
  "recall_macro": 0.8467178270344669,
  "f1_macro": 0.8467146515050706,
  "f1_weighted": 0.8467208322662074,
  "f1_not_hate": 0.8476380572188955,
  "f1_hate": 0.8457912457912458,
  "confusion_matrix": [
    [
      637,
      115
    ],
    [
      114,
      628
    ]
  ]
}