{
  "model": "banglabert-nct",
  "train_variant": "clean",
  "test_set": "clean",
  "seed": 42,
  "tag": "full",
  "labels": [
    "not_hate",
    "hate"
  ],
  "n": 5028,
  "accuracy": 0.918854415274463,
  "precision_macro": 0.9186303678738335,
  "recall_macro": 0.9190880982323053,
  "f1_macro": 0.9187821310426314,
  "f1_weighted": 0.9188765824388914,
  "f1_not_hate": 0.9212050984936269,
  "f1_hate": 0.9163591635916359,
  "confusion_matrix": [
    [
      2385,
      227
    ],
    [
      181,
      2235
    ]
  ]
}