{
  "model": "xlm-roberta-base",
  "train_variant": "augmented",
  "test_set": "bidwesh_barishal",
  "seed": 43,
  "tag": "full",
  "labels": [
    "not_hate",
    "hate"
  ],
  "n": 1439,
  "accuracy": 0.9027102154273802,
  "precision_macro": 0.9031373693487538,
  "recall_macro": 0.9030672582309497,
  "f1_macro": 0.9027097925737622,
  "f1_weighted": 0.9027059868911995,
  "f1_not_hate": 0.9025069637883009,
  "f1_hate": 0.9029126213592233,
  "confusion_matrix": [
    [
      648,
      85
    ],
    [
      55,
      651
    ]
  ]
}