{
  "model": "banglabert-adapt500",
  "train_variant": "augmented",
  "test_set": "clean",
  "seed": 43,
  "tag": "full",
  "labels": [
    "not_hate",
    "hate"
  ],
  "n": 5028,
  "accuracy": 0.9222354813046937,
  "precision_macro": 0.9227198029303101,
  "recall_macro": 0.9232274880074642,
  "f1_macro": 0.9222268397686129,
  "f1_weighted": 0.9222587971473271,
  "f1_not_hate": 0.9230466443613462,
  "f1_hate": 0.9214070351758794,
  "confusion_matrix": [
    [
      2345,
      267
    ],
    [
      124,
      2292
    ]
  ]
}