{
  "model": "muril-base-cased",
  "train_variant": "augmented",
  "test_set": "bidwesh_barishal",
  "seed": 43,
  "tag": "full",
  "labels": [
    "not_hate",
    "hate"
  ],
  "n": 1439,
  "accuracy": 0.9020152883947186,
  "precision_macro": 0.9036006074293883,
  "recall_macro": 0.9026460005642534,
  "f1_macro": 0.9019880249934183,
  "f1_weighted": 0.9019573536669557,
  "f1_not_hate": 0.9003533568904594,
  "f1_hate": 0.9036226930963773,
  "confusion_matrix": [
    [
      637,
      96
    ],
    [
      45,
      661
    ]
  ]
}