{
  "model": "tfidf_lr",
  "train_variant": "aug_dia",
  "test_set": "bidwesh_heldout",
  "seed": 42,
  "tag": "full",
  "labels": [
    "not_hate",
    "hate"
  ],
  "n": 4408,
  "accuracy": 0.8781760435571688,
  "precision_macro": 0.8781988436749614,
  "recall_macro": 0.8781299334669102,
  "f1_macro": 0.8781542146817136,
  "f1_weighted": 0.87817049384307,
  "f1_not_hate": 0.8797850906648758,
  "f1_hate": 0.8765233386985514,
  "confusion_matrix": [
    [
      1965,
      261
    ],
    [
      276,
      1906
    ]
  ]
}