{
  "model": "tfidf_lr",
  "train_variant": "clean",
  "test_set": "clean",
  "seed": 42,
  "tag": "full",
  "labels": [
    "not_hate",
    "hate"
  ],
  "n": 5028,
  "accuracy": 0.9039379474940334,
  "precision_macro": 0.9048968802590893,
  "recall_macro": 0.9030230444306968,
  "f1_macro": 0.9036061272158712,
  "f1_weighted": 0.9038265908583111,
  "f1_not_hate": 0.909261694533158,
  "f1_hate": 0.8979505598985844,
  "confusion_matrix": [
    [
      2420,
      192
    ],
    [
      291,
      2125
    ]
  ]
}