{
  "model": "banglabert-adapt500",
  "train_variant": "augmented",
  "test_set": "augmented",
  "seed": 42,
  "tag": "full",
  "labels": [
    "not_hate",
    "hate"
  ],
  "n": 5028,
  "accuracy": 0.9110978520286396,
  "precision_macro": 0.9111382429367814,
  "recall_macro": 0.9117623196048802,
  "f1_macro": 0.911067426634117,
  "f1_weighted": 0.9111315489709604,
  "f1_not_hate": 0.9127123608670181,
  "f1_hate": 0.9094224924012158,
  "confusion_matrix": [
    [
      2337,
      275
    ],
    [
      172,
      2244
    ]
  ]
}