{
  "model": "tfidf_svm",
  "train_variant": "augmented",
  "test_set": "clean",
  "seed": 44,
  "tag": "full",
  "labels": [
    "not_hate",
    "hate"
  ],
  "n": 5028,
  "accuracy": 0.9011535401750199,
  "precision_macro": 0.9010177504102618,
  "recall_macro": 0.9009798129874345,
  "f1_macro": 0.9009984595412981,
  "f1_weighted": 0.901151202276019,
  "f1_not_hate": 0.9049167782666921,
  "f1_hate": 0.8970801408159039,
  "confusion_matrix": [
    [
      2365,
      247
    ],
    [
      250,
      2166
    ]
  ]
}