{
  "model": "banglabert",
  "train_variant": "clean",
  "test_set": "bidwesh_barishal",
  "seed": 42,
  "tag": "full",
  "labels": [
    "not_hate",
    "hate"
  ],
  "n": 1439,
  "accuracy": 0.9166087560806115,
  "precision_macro": 0.9165613831739592,
  "recall_macro": 0.9166837359757912,
  "f1_macro": 0.9165942154987539,
  "f1_weighted": 0.9166148784308674,
  "f1_not_hate": 0.9176954732510288,
  "f1_hate": 0.9154929577464789,
  "confusion_matrix": [
    [
      669,
      64
    ],
    [
      56,
      650
    ]
  ]
}