{
  "model": "banglabert",
  "train_variant": "augmented",
  "test_set": "bidwesh_barishal",
  "seed": 42,
  "tag": "full",
  "labels": [
    "not_hate",
    "hate"
  ],
  "n": 1439,
  "accuracy": 0.9131341209173037,
  "precision_macro": 0.9134557041766345,
  "recall_macro": 0.9134557041766345,
  "f1_macro": 0.9131341209173037,
  "f1_weighted": 0.9131341209173037,
  "f1_not_hate": 0.9131341209173037,
  "f1_hate": 0.9131341209173037,
  "confusion_matrix": [
    [
      657,
      76
    ],
    [
      49,
      657
    ]
  ]
}