{
  "model": "banglabert-adapt500",
  "train_variant": "augmented",
  "test_set": "clean",
  "seed": 44,
  "tag": "full",
  "labels": [
    "not_hate",
    "hate"
  ],
  "n": 5028,
  "accuracy": 0.926412092283214,
  "precision_macro": 0.9263000998955406,
  "recall_macro": 0.9263000998955406,
  "f1_macro": 0.9263000998955406,
  "f1_weighted": 0.926412092283214,
  "f1_not_hate": 0.9291730474732006,
  "f1_hate": 0.9234271523178808,
  "confusion_matrix": [
    [
      2427,
      185
    ],
    [
      185,
      2231
    ]
  ]
}