{
  "model": "tfidf_svm_smoke",
  "train_variant": "clean",
  "test_set": "augmented",
  "tag": "smoke",
  "labels": [
    "not_hate",
    "hate"
  ],
  "n": 5028,
  "accuracy": 0.7637231503579952,
  "precision_macro": 0.7633658922512818,
  "recall_macro": 0.7633325050961939,
  "f1_macro": 0.7633487137325053,
  "f1_weighted": 0.7637156616254855,
  "f1_not_hate": 0.7727620504973222,
  "f1_hate": 0.7539353769676885,
  "confusion_matrix": [
    [
      2020,
      592
    ],
    [
      596,
      1820
    ]
  ]
}