{
  "model": "muril-base-cased",
  "train_variant": "augmented",
  "test_set": "bidwesh_noakhali",
  "seed": 43,
  "tag": "full",
  "labels": [
    "not_hate",
    "hate"
  ],
  "n": 1475,
  "accuracy": 0.8901694915254237,
  "precision_macro": 0.892488205628762,
  "recall_macro": 0.8903536350833067,
  "f1_macro": 0.8900380299527295,
  "f1_weighted": 0.8900199862074577,
  "f1_not_hate": 0.8862359550561798,
  "f1_hate": 0.8938401048492791,
  "confusion_matrix": [
    [
      631,
      110
    ],
    [
      52,
      682
    ]
  ]
}