{
  "model": "banglabert-adaptfull",
  "train_variant": "augmented",
  "test_set": "bidwesh_barishal",
  "seed": 44,
  "tag": "full",
  "labels": [
    "not_hate",
    "hate"
  ],
  "n": 1439,
  "accuracy": 0.9096594857539958,
  "precision_macro": 0.9105619581490896,
  "recall_macro": 0.910149411205454,
  "f1_macro": 0.9096521120937798,
  "f1_weighted": 0.9096367975687158,
  "f1_not_hate": 0.908835904628331,
  "f1_hate": 0.9104683195592287,
  "confusion_matrix": [
    [
      648,
      85
    ],
    [
      45,
      661
    ]
  ]
}