{
  "model": "banglabert-nct",
  "train_variant": "clean",
  "test_set": "bidwesh_barishal",
  "seed": 42,
  "tag": "full",
  "labels": [
    "not_hate",
    "hate"
  ],
  "n": 1439,
  "accuracy": 0.9054899235580264,
  "precision_macro": 0.9054538816384246,
  "recall_macro": 0.905587074732656,
  "f1_macro": 0.9054767314260985,
  "f1_weighted": 0.905497683635631,
  "f1_not_hate": 0.9065934065934066,
  "f1_hate": 0.9043600562587905,
  "confusion_matrix": [
    [
      660,
      73
    ],
    [
      63,
      643
    ]
  ]
}