{
  "model": "banglabert",
  "train_variant": "aug_dia",
  "test_set": "bidwesh_heldout",
  "seed": 42,
  "tag": "full",
  "labels": [
    "not_hate",
    "hate"
  ],
  "n": 4408,
  "accuracy": 0.8951905626134301,
  "precision_macro": 0.8964679988243724,
  "recall_macro": 0.8954835899044951,
  "f1_macro": 0.8951468523605056,
  "f1_weighted": 0.8951254829035203,
  "f1_not_hate": 0.8930060213061602,
  "f1_hate": 0.897287683414851,
  "confusion_matrix": [
    [
      1928,
      298
    ],
    [
      164,
      2018
    ]
  ]
}