{
  "model": "banglabert-adapt1000",
  "train_variant": "augmented",
  "test_set": "bidwesh_chittagong",
  "seed": 42,
  "tag": "full",
  "labels": [
    "not_hate",
    "hate"
  ],
  "n": 1494,
  "accuracy": 0.8634538152610441,
  "precision_macro": 0.8634462365591398,
  "recall_macro": 0.8634566582554338,
  "f1_macro": 0.8634498999091387,
  "f1_weighted": 0.8634547940990206,
  "f1_not_hate": 0.8641810918774967,
  "f1_hate": 0.8627187079407806,
  "confusion_matrix": [
    [
      649,
      103
    ],
    [
      101,
      641
    ]
  ]
}