{
  "model": "tfidf_svm",
  "train_variant": "clean",
  "test_set": "bidwesh_barishal",
  "tag": "full",
  "labels": [
    "not_hate",
    "hate"
  ],
  "n": 2933,
  "accuracy": 0.8827139447664507,
  "precision_macro": 0.8827244446346947,
  "recall_macro": 0.8826087300324765,
  "f1_macro": 0.8826563129487535,
  "f1_weighted": 0.882705078332959,
  "f1_not_hate": 0.885256837891928,
  "f1_hate": 0.8800557880055788,
  "confusion_matrix": [
    [
      1327,
      167
    ],
    [
      177,
      1262
    ]
  ]
}