{
  "model": "banglabert-adapt250",
  "train_variant": "augmented",
  "test_set": "augmented",
  "seed": 42,
  "tag": "full",
  "labels": [
    "not_hate",
    "hate"
  ],
  "n": 5028,
  "accuracy": 0.9071201272871917,
  "precision_macro": 0.9076548859214331,
  "recall_macro": 0.9081201890409014,
  "f1_macro": 0.9071113053394277,
  "f1_weighted": 0.9071465931304836,
  "f1_not_hate": 0.9080165452038605,
  "f1_hate": 0.9062060654749949,
  "confusion_matrix": [
    [
      2305,
      307
    ],
    [
      160,
      2256
    ]
  ]
}