{
  "model": "banglabert-nct",
  "train_variant": "clean",
  "test_set": "bidwesh_heldout",
  "seed": 42,
  "tag": "full",
  "labels": [
    "not_hate",
    "hate"
  ],
  "n": 4408,
  "accuracy": 0.8770417422867514,
  "precision_macro": 0.8770417422867514,
  "recall_macro": 0.8770793134714066,
  "f1_macro": 0.8770386794016257,
  "f1_weighted": 0.877044805171877,
  "f1_not_hate": 0.8776523702031602,
  "f1_hate": 0.8764249886000912,
  "confusion_matrix": [
    [
      1944,
      282
    ],
    [
      260,
      1922
    ]
  ]
}