{
  "model": "tfidf_lr_smoke",
  "train_variant": "clean",
  "test_set": "bidwesh",
  "tag": "smoke",
  "labels": [
    "not_hate",
    "hate"
  ],
  "n": 8987,
  "accuracy": 0.7389562701680205,
  "precision_macro": 0.7396346188573957,
  "recall_macro": 0.7392609983358625,
  "f1_macro": 0.7389024738324167,
  "f1_weighted": 0.7388545158588163,
  "f1_not_hate": 0.7351546624520208,
  "f1_hate": 0.7426502852128126,
  "confusion_matrix": [
    [
      3256,
      1295
    ],
    [
      1051,
      3385
    ]
  ]
}