{
  "model": "xlm-roberta-base",
  "train_variant": "aug_dia",
  "test_set": "augmented",
  "seed": 43,
  "tag": "full",
  "labels": [
    "not_hate",
    "hate"
  ],
  "n": 5028,
  "accuracy": 0.9045346062052506,
  "precision_macro": 0.9046750443833327,
  "recall_macro": 0.9052744972262508,
  "f1_macro": 0.9045092082554208,
  "f1_weighted": 0.904569915550136,
  "f1_not_hate": 0.9060665362035225,
  "f1_hate": 0.9029518803073191,
  "confusion_matrix": [
    [
      2315,
      297
    ],
    [
      183,
      2233
    ]
  ]
}