{
  "model": "xlm-roberta-base",
  "train_variant": "augmented",
  "test_set": "bidwesh_barishal",
  "seed": 44,
  "tag": "full",
  "labels": [
    "not_hate",
    "hate"
  ],
  "n": 1439,
  "accuracy": 0.8971507991660875,
  "precision_macro": 0.898516912234506,
  "recall_macro": 0.897740667596783,
  "f1_macro": 0.897128890778059,
  "f1_weighted": 0.8971007228505938,
  "f1_not_hate": 0.8956276445698167,
  "f1_hate": 0.8986301369863013,
  "confusion_matrix": [
    [
      635,
      98
    ],
    [
      50,
      656
    ]
  ]
}