{
  "model": "banglabert",
  "train_variant": "augmented",
  "test_set": "bidwesh_chittagong",
  "seed": 43,
  "tag": "full",
  "labels": [
    "not_hate",
    "hate"
  ],
  "n": 1494,
  "accuracy": 0.856091030789826,
  "precision_macro": 0.8592853277541794,
  "recall_macro": 0.8557754344210586,
  "f1_macro": 0.8556875183923047,
  "f1_weighted": 0.8557385959109783,
  "f1_not_hate": 0.863318499682136,
  "f1_hate": 0.8480565371024735,
  "confusion_matrix": [
    [
      679,
      73
    ],
    [
      142,
      600
    ]
  ]
}