{
  "model": "banglabert",
  "train_variant": "aug_dia",
  "test_set": "bidwesh_chittagong",
  "seed": 42,
  "tag": "full",
  "labels": [
    "not_hate",
    "hate"
  ],
  "n": 1494,
  "accuracy": 0.8781793842034806,
  "precision_macro": 0.878715571311699,
  "recall_macro": 0.8783083385903538,
  "f1_macro": 0.8781575489909645,
  "f1_weighted": 0.8781466313847064,
  "f1_not_hate": 0.8765264586160109,
  "f1_hate": 0.8797886393659181,
  "confusion_matrix": [
    [
      646,
      106
    ],
    [
      76,
      666
    ]
  ]
}