{
  "model": "tfidf_lr_smoke",
  "train_variant": "clean",
  "test_set": "bidwesh_clean",
  "tag": "smoke",
  "labels": [
    "not_hate",
    "hate"
  ],
  "n": 8959,
  "accuracy": 0.7386985154593146,
  "precision_macro": 0.7393667049770213,
  "recall_macro": 0.7389871629047573,
  "f1_macro": 0.738641778643956,
  "f1_weighted": 0.7385949277888492,
  "f1_not_hate": 0.7347909822136627,
  "f1_hate": 0.7424925750742493,
  "confusion_matrix": [
    [
      3243,
      1291
    ],
    [
      1050,
      3375
    ]
  ]
}