{
  "model": "banglabert-nct_smoke",
  "train_variant": "clean",
  "test_set": "augmented",
  "seed": 42,
  "tag": "smoke",
  "labels": [
    "not_hate",
    "hate"
  ],
  "n": 500,
  "accuracy": 0.56,
  "precision_macro": 0.6831494864967669,
  "recall_macro": 0.5309427414690573,
  "f1_macro": 0.4224630376344086,
  "f1_weighted": 0.44050067204301074,
  "f1_not_hate": 0.7043010752688172,
  "f1_hate": 0.140625,
  "confusion_matrix": [
    [
      262,
      4
    ],
    [
      216,
      18
    ]
  ]
}