{
  "model": "banglabert",
  "train_variant": "aug_dia",
  "test_set": "augmented",
  "seed": 42,
  "tag": "full",
  "labels": [
    "not_hate",
    "hate"
  ],
  "n": 5028,
  "accuracy": 0.911296738265712,
  "precision_macro": 0.9112667677186409,
  "recall_macro": 0.9118916260154356,
  "f1_macro": 0.9112602184850407,
  "f1_weighted": 0.9113303937498601,
  "f1_not_hate": 0.9130604288499026,
  "f1_hate": 0.9094600081201787,
  "confusion_matrix": [
    [
      2342,
      270
    ],
    [
      176,
      2240
    ]
  ]
}