{
  "model": "banglabert-nct",
  "train_variant": "clean",
  "test_set": "augmented",
  "seed": 44,
  "tag": "full",
  "labels": [
    "not_hate",
    "hate"
  ],
  "n": 5028,
  "accuracy": 0.9154733492442323,
  "precision_macro": 0.9158252981379404,
  "recall_macro": 0.9163774175227934,
  "f1_macro": 0.9154600767541322,
  "f1_weighted": 0.9155013689455548,
  "f1_not_hate": 0.9165193478687881,
  "f1_hate": 0.9144008056394763,
  "confusion_matrix": [
    [
      2333,
      279
    ],
    [
      146,
      2270
    ]
  ]
}