{
  "model": "banglabert-adaptfull",
  "train_variant": "augmented",
  "test_set": "augmented",
  "seed": 44,
  "tag": "full",
  "labels": [
    "not_hate",
    "hate"
  ],
  "n": 5028,
  "accuracy": 0.9168655529037391,
  "precision_macro": 0.9166849707524973,
  "recall_macro": 0.9172515035039501,
  "f1_macro": 0.9168099410209452,
  "f1_weighted": 0.9168937866288498,
  "f1_not_hate": 0.9189608375339279,
  "f1_hate": 0.9146590445079624,
  "confusion_matrix": [
    [
      2370,
      242
    ],
    [
      176,
      2240
    ]
  ]
}