{
  "model": "tfidf_svm",
  "train_variant": "dialect",
  "test_set": "bidwesh_barishal",
  "seed": 42,
  "tag": "full",
  "labels": [
    "not_hate",
    "hate"
  ],
  "n": 1439,
  "accuracy": 0.881862404447533,
  "precision_macro": 0.8819230962572842,
  "recall_macro": 0.8817164510780718,
  "f1_macro": 0.8817924750760571,
  "f1_weighted": 0.8818464205911957,
  "f1_not_hate": 0.8846675712347354,
  "f1_hate": 0.8789173789173789,
  "confusion_matrix": [
    [
      652,
      81
    ],
    [
      89,
      617
    ]
  ]
}