{
  "model": "muril-base-cased",
  "train_variant": "clean",
  "test_set": "clean",
  "seed": 42,
  "tag": "full",
  "labels": [
    "not_hate",
    "hate"
  ],
  "n": 5028,
  "accuracy": 0.9138822593476531,
  "precision_macro": 0.9138451317219107,
  "recall_macro": 0.9144733172418689,
  "f1_macro": 0.9138461051417333,
  "f1_weighted": 0.9139149034364935,
  "f1_not_hate": 0.9156109920093549,
  "f1_hate": 0.9120812182741117,
  "confusion_matrix": [
    [
      2349,
      263
    ],
    [
      170,
      2246
    ]
  ]
}