{
  "model": "tfidf_svm_smoke",
  "train_variant": "clean",
  "test_set": "bidwesh_chittagong",
  "tag": "smoke",
  "labels": [
    "not_hate",
    "hate"
  ],
  "n": 3054,
  "accuracy": 0.7053045186640472,
  "precision_macro": 0.7054025362388774,
  "recall_macro": 0.7054025362388774,
  "f1_macro": 0.7053045186640472,
  "f1_weighted": 0.7053045186640472,
  "f1_not_hate": 0.7053045186640472,
  "f1_hate": 0.7053045186640472,
  "confusion_matrix": [
    [
      1077,
      468
    ],
    [
      432,
      1077
    ]
  ]
}