{
  "model": "majority",
  "train_variant": "clean",
  "test_set": "bidwesh_heldout",
  "seed": 42,
  "tag": "full",
  "labels": [
    "not_hate",
    "hate"
  ],
  "n": 4408,
  "accuracy": 0.5049909255898367,
  "precision_macro": 0.25249546279491836,
  "recall_macro": 0.5,
  "f1_macro": 0.3355441664154356,
  "f1_weighted": 0.33889351834880205,
  "f1_not_hate": 0.6710883328308712,
  "f1_hate": 0.0,
  "confusion_matrix": [
    [
      2226,
      0
    ],
    [
      2182,
      0
    ]
  ]
}