{
  "model": "banglabert",
  "train_variant": "aug_dia",
  "test_set": "bidwesh_chittagong",
  "seed": 43,
  "tag": "full",
  "labels": [
    "not_hate",
    "hate"
  ],
  "n": 1494,
  "accuracy": 0.8788487282463187,
  "precision_macro": 0.8793478319367529,
  "recall_macro": 0.8789732322073751,
  "f1_macro": 0.8788291305857707,
  "f1_weighted": 0.8788188160275877,
  "f1_not_hate": 0.8772881355932204,
  "f1_hate": 0.8803701255783212,
  "confusion_matrix": [
    [
      647,
      105
    ],
    [
      76,
      666
    ]
  ]
}