{
  "model": "banglabert-adapt500",
  "train_variant": "augmented",
  "test_set": "bidwesh_barishal",
  "seed": 44,
  "tag": "full",
  "labels": [
    "not_hate",
    "hate"
  ],
  "n": 1439,
  "accuracy": 0.9075747046560111,
  "precision_macro": 0.9075511623862254,
  "recall_macro": 0.9075291112236183,
  "f1_macro": 0.9075396980681054,
  "f1_weighted": 0.9075734544207288,
  "f1_not_hate": 0.9093387866394002,
  "f1_hate": 0.9057406094968108,
  "confusion_matrix": [
    [
      667,
      66
    ],
    [
      67,
      639
    ]
  ]
}