{
  "model": "tiny-random-electraforsequenceclassification_smoke",
  "train_variant": "clean",
  "test_set": "bidwesh_chittagong",
  "seed": 42,
  "tag": "smoke",
  "labels": [
    "not_hate",
    "hate"
  ],
  "n": 197,
  "accuracy": 0.5380710659898477,
  "precision_macro": 0.26903553299492383,
  "recall_macro": 0.5,
  "f1_macro": 0.34983498349834985,
  "f1_weighted": 0.3764721649829958,
  "f1_not_hate": 0.6996699669966997,
  "f1_hate": 0.0,
  "confusion_matrix": [
    [
      106,
      0
    ],
    [
      91,
      0
    ]
  ]
}