{
  "model": "xlm-roberta-base",
  "train_variant": "augmented",
  "test_set": "clean",
  "tag": "full",
  "labels": [
    "not_hate",
    "hate"
  ],
  "n": 5028,
  "accuracy": 0.9105011933174224,
  "precision_macro": 0.9102735705878219,
  "recall_macro": 0.9107221636258531,
  "f1_macro": 0.9104214680617257,
  "f1_weighted": 0.910525642395836,
  "f1_not_hate": 0.9130938586326767,
  "f1_hate": 0.9077490774907749,
  "confusion_matrix": [
    [
      2364,
      248
    ],
    [
      202,
      2214
    ]
  ]
}