{
  "model": "xlm-roberta-base",
  "train_variant": "augmented",
  "test_set": "bidwesh_chittagong",
  "seed": 43,
  "tag": "full",
  "labels": [
    "not_hate",
    "hate"
  ],
  "n": 1494,
  "accuracy": 0.8487282463186078,
  "precision_macro": 0.8488327476152908,
  "recall_macro": 0.8486677037334405,
  "f1_macro": 0.8486954370769759,
  "f1_weighted": 0.8487103503686267,
  "f1_not_hate": 0.8509234828496042,
  "f1_hate": 0.8464673913043478,
  "confusion_matrix": [
    [
      645,
      107
    ],
    [
      119,
      623
    ]
  ]
}