{
  "model": "xlm-roberta-base",
  "train_variant": "clean",
  "test_set": "bidwesh_heldout",
  "seed": 42,
  "tag": "full",
  "labels": [
    "not_hate",
    "hate"
  ],
  "n": 4408,
  "accuracy": 0.8643375680580763,
  "precision_macro": 0.8644236969470873,
  "recall_macro": 0.8644236969470873,
  "f1_macro": 0.8643375680580763,
  "f1_weighted": 0.8643375680580763,
  "f1_not_hate": 0.8643375680580763,
  "f1_hate": 0.8643375680580763,
  "confusion_matrix": [
    [
      1905,
      321
    ],
    [
      277,
      1905
    ]
  ]
}