{
  "model": "tfidf_svm",
  "train_variant": "augmented",
  "test_set": "bidwesh_noakhali",
  "tag": "full",
  "labels": [
    "not_hate",
    "hate"
  ],
  "n": 3000,
  "accuracy": 0.8666666666666667,
  "precision_macro": 0.8678693854850181,
  "recall_macro": 0.8668981481481481,
  "f1_macro": 0.8666021020840753,
  "f1_weighted": 0.8665786240540423,
  "f1_not_hate": 0.863667348329925,
  "f1_hate": 0.8695368558382257,
  "confusion_matrix": [
    [
      1267,
      245
    ],
    [
      155,
      1333
    ]
  ]
}