{
  "model": "banglabert",
  "train_variant": "clean",
  "test_set": "bidwesh_chittagong",
  "seed": 44,
  "tag": "full",
  "labels": [
    "not_hate",
    "hate"
  ],
  "n": 1494,
  "accuracy": 0.8373493975903614,
  "precision_macro": 0.842577255905232,
  "recall_macro": 0.836934392384011,
  "f1_macro": 0.8366026280079304,
  "f1_weighted": 0.8366765655903492,
  "f1_not_hate": 0.8476489028213167,
  "f1_hate": 0.8255563531945441,
  "confusion_matrix": [
    [
      676,
      76
    ],
    [
      167,
      575
    ]
  ]
}