{
  "model": "tfidf_svm",
  "train_variant": "dialect",
  "test_set": "bidwesh_heldout",
  "seed": 44,
  "tag": "full",
  "labels": [
    "not_hate",
    "hate"
  ],
  "n": 4408,
  "accuracy": 0.8613883847549909,
  "precision_macro": 0.8613861946654892,
  "recall_macro": 0.8614221314141761,
  "f1_macro": 0.8613846109109475,
  "f1_weighted": 0.8613918304386828,
  "f1_not_hate": 0.8621078763258858,
  "f1_hate": 0.8606613454960091,
  "confusion_matrix": [
    [
      1910,
      316
    ],
    [
      295,
      1887
    ]
  ]
}