{
  "model": "xlm-roberta-base",
  "train_variant": "aug_dia",
  "test_set": "bidwesh_noakhali",
  "seed": 43,
  "tag": "full",
  "labels": [
    "not_hate",
    "hate"
  ],
  "n": 1475,
  "accuracy": 0.8928813559322034,
  "precision_macro": 0.8965225309431877,
  "recall_macro": 0.8931106061107494,
  "f1_macro": 0.8926729299069724,
  "f1_weighted": 0.8926504840273323,
  "f1_not_hate": 0.8879432624113475,
  "f1_hate": 0.8974025974025974,
  "confusion_matrix": [
    [
      626,
      115
    ],
    [
      43,
      691
    ]
  ]
}