{
  "model": "banglabert",
  "train_variant": "aug_dia",
  "test_set": "augmented",
  "seed": 43,
  "tag": "full",
  "labels": [
    "not_hate",
    "hate"
  ],
  "n": 5028,
  "accuracy": 0.9091089896579156,
  "precision_macro": 0.909132831038069,
  "recall_macro": 0.909754900966502,
  "f1_macro": 0.9090765308421942,
  "f1_weighted": 0.9091434985041036,
  "f1_not_hate": 0.9107944563732188,
  "f1_hate": 0.9073586053111696,
  "confusion_matrix": [
    [
      2333,
      279
    ],
    [
      178,
      2238
    ]
  ]
}