{
  "model": "banglabert",
  "train_variant": "augmented",
  "test_set": "clean",
  "tag": "full",
  "labels": [
    "not_hate",
    "hate"
  ],
  "n": 5028,
  "accuracy": 0.9270087509944311,
  "precision_macro": 0.9268201262515685,
  "recall_macro": 0.9273868442136649,
  "f1_macro": 0.9269576431549658,
  "f1_weighted": 0.9270329599710202,
  "f1_not_hate": 0.9288897500484402,
  "f1_hate": 0.9250255362614913,
  "confusion_matrix": [
    [
      2397,
      215
    ],
    [
      152,
      2264
    ]
  ]
}