{
  "model": "banglabert",
  "train_variant": "dialect",
  "test_set": "bidwesh_heldout",
  "seed": 42,
  "tag": "full",
  "labels": [
    "not_hate",
    "hate"
  ],
  "n": 4408,
  "accuracy": 0.8933756805807622,
  "precision_macro": 0.8948178235288288,
  "recall_macro": 0.8936866447113234,
  "f1_macro": 0.8933229527425665,
  "f1_weighted": 0.893299279019295,
  "f1_not_hate": 0.8909512761020881,
  "f1_hate": 0.8956946293830448,
  "confusion_matrix": [
    [
      1920,
      306
    ],
    [
      164,
      2018
    ]
  ]
}