{
  "model": "muril-base-cased",
  "train_variant": "augmented",
  "test_set": "bidwesh_noakhali",
  "seed": 44,
  "tag": "full",
  "labels": [
    "not_hate",
    "hate"
  ],
  "n": 1475,
  "accuracy": 0.8969491525423728,
  "precision_macro": 0.8993050933936733,
  "recall_macro": 0.8971334487970082,
  "f1_macro": 0.8968258058815732,
  "f1_weighted": 0.8968088759477381,
  "f1_not_hate": 0.8932584269662921,
  "f1_hate": 0.9003931847968545,
  "confusion_matrix": [
    [
      636,
      105
    ],
    [
      47,
      687
    ]
  ]
}