{
  "model": "banglabert",
  "train_variant": "augmented",
  "test_set": "clean",
  "seed": 42,
  "tag": "full",
  "labels": [
    "not_hate",
    "hate"
  ],
  "n": 5028,
  "accuracy": 0.92442322991249,
  "precision_macro": 0.9246263120851077,
  "recall_macro": 0.925239977485472,
  "f1_macro": 0.9244059586449982,
  "f1_weighted": 0.9244505003348454,
  "f1_not_hate": 0.9255485893416928,
  "f1_hate": 0.9232633279483037,
  "confusion_matrix": [
    [
      2362,
      250
    ],
    [
      130,
      2286
    ]
  ]
}