{
  "model": "xlm-roberta-base",
  "train_variant": "augmented",
  "test_set": "bidwesh_clean",
  "tag": "full",
  "labels": [
    "not_hate",
    "hate"
  ],
  "n": 8959,
  "accuracy": 0.8676191539234289,
  "precision_macro": 0.8676303696666139,
  "recall_macro": 0.8676837653485654,
  "f1_macro": 0.8676155104655943,
  "f1_weighted": 0.8676239601869554,
  "f1_not_hate": 0.868310015545192,
  "f1_hate": 0.8669210053859964,
  "confusion_matrix": [
    [
      3910,
      624
    ],
    [
      562,
      3863
    ]
  ]
}