{
  "model": "tfidf_svm_smoke",
  "train_variant": "clean",
  "test_set": "clean",
  "tag": "smoke",
  "labels": [
    "not_hate",
    "hate"
  ],
  "n": 5028,
  "accuracy": 0.7816229116945107,
  "precision_macro": 0.7812864300340605,
  "recall_macro": 0.7814148022879628,
  "f1_macro": 0.7813426791987954,
  "f1_weighted": 0.7816478212496855,
  "f1_not_hate": 0.7891705069124424,
  "f1_hate": 0.7735148514851485,
  "confusion_matrix": [
    [
      2055,
      557
    ],
    [
      541,
      1875
    ]
  ]
}