{
  "model": "banglabert_smoke",
  "train_variant": "clean",
  "test_set": "bidwesh_chittagong",
  "tag": "smoke",
  "labels": [
    "not_hate",
    "hate"
  ],
  "n": 178,
  "accuracy": 0.5112359550561798,
  "precision_macro": 0.5518790849673203,
  "recall_macro": 0.5322130627774255,
  "f1_macro": 0.47116074172728206,
  "f1_weighted": 0.4613464037691846,
  "f1_not_hate": 0.6167400881057269,
  "f1_hate": 0.32558139534883723,
  "confusion_matrix": [
    [
      70,
      13
    ],
    [
      74,
      21
    ]
  ]
}