{
  "model": "tfidf_svm",
  "train_variant": "clean",
  "test_set": "bidwesh_noakhali",
  "tag": "full",
  "labels": [
    "not_hate",
    "hate"
  ],
  "n": 3000,
  "accuracy": 0.864,
  "precision_macro": 0.864031688012459,
  "recall_macro": 0.8640446321897934,
  "f1_macro": 0.8639997582217924,
  "f1_weighted": 0.864001208891038,
  "f1_not_hate": 0.8641810918774967,
  "f1_hate": 0.8638184245660881,
  "confusion_matrix": [
    [
      1298,
      214
    ],
    [
      194,
      1294
    ]
  ]
}