{
  "model": "xlm-roberta-base",
  "train_variant": "augmented",
  "test_set": "bidwesh_noakhali",
  "tag": "full",
  "labels": [
    "not_hate",
    "hate"
  ],
  "n": 3000,
  "accuracy": 0.8813333333333333,
  "precision_macro": 0.8824614929490617,
  "recall_macro": 0.881555086192183,
  "f1_macro": 0.8812826278245953,
  "f1_weighted": 0.8812629998857289,
  "f1_not_hate": 0.8788291354663036,
  "f1_hate": 0.883736120182887,
  "confusion_matrix": [
    [
      1291,
      221
    ],
    [
      135,
      1353
    ]
  ]
}