{
  "model": "majority_smoke",
  "train_variant": "clean",
  "test_set": "bidwesh_chittagong",
  "tag": "smoke",
  "labels": [
    "not_hate",
    "hate"
  ],
  "n": 3054,
  "accuracy": 0.5058939096267191,
  "precision_macro": 0.25294695481335955,
  "recall_macro": 0.5,
  "f1_macro": 0.3359425962165688,
  "f1_weighted": 0.3399026268203005,
  "f1_not_hate": 0.6718851924331376,
  "f1_hate": 0.0,
  "confusion_matrix": [
    [
      1545,
      0
    ],
    [
      1509,
      0
    ]
  ]
}