{
  "model": "banglabert",
  "train_variant": "augmented",
  "test_set": "bidwesh_chittagong",
  "tag": "full",
  "labels": [
    "not_hate",
    "hate"
  ],
  "n": 3054,
  "accuracy": 0.8316961362148002,
  "precision_macro": 0.8323777150592793,
  "recall_macro": 0.8314179647036872,
  "f1_macro": 0.8315081867548713,
  "f1_weighted": 0.8315745218583755,
  "f1_not_hate": 0.8371356147021546,
  "f1_hate": 0.825880758807588,
  "confusion_matrix": [
    [
      1321,
      224
    ],
    [
      290,
      1219
    ]
  ]
}