{
  "model": "majority_smoke",
  "train_variant": "clean",
  "test_set": "bidwesh_clean",
  "tag": "smoke",
  "labels": [
    "not_hate",
    "hate"
  ],
  "n": 8959,
  "accuracy": 0.5060832682218998,
  "precision_macro": 0.2530416341109499,
  "recall_macro": 0.5,
  "f1_macro": 0.3360260876009783,
  "f1_weighted": 0.34011436124184297,
  "f1_not_hate": 0.6720521752019566,
  "f1_hate": 0.0,
  "confusion_matrix": [
    [
      4534,
      0
    ],
    [
      4425,
      0
    ]
  ]
}