{
  "model": "xlm-roberta-base",
  "train_variant": "clean",
  "test_set": "bidwesh_noakhali",
  "tag": "full",
  "labels": [
    "not_hate",
    "hate"
  ],
  "n": 3000,
  "accuracy": 0.8696666666666667,
  "precision_macro": 0.8716939114250258,
  "recall_macro": 0.8699650110940433,
  "f1_macro": 0.8695466350761183,
  "f1_weighted": 0.8695149783928968,
  "f1_not_hate": 0.8655895496734273,
  "f1_hate": 0.8735037204788094,
  "confusion_matrix": [
    [
      1259,
      253
    ],
    [
      138,
      1350
    ]
  ]
}