{
  "model": "xlm-roberta-base_smoke",
  "train_variant": "clean",
  "test_set": "bidwesh_noakhali",
  "tag": "smoke",
  "labels": [
    "not_hate",
    "hate"
  ],
  "n": 158,
  "accuracy": 0.4873417721518987,
  "precision_macro": 0.24367088607594936,
  "recall_macro": 0.5,
  "f1_macro": 0.3276595744680851,
  "f1_weighted": 0.31936439536762723,
  "f1_not_hate": 0.6553191489361702,
  "f1_hate": 0.0,
  "confusion_matrix": [
    [
      77,
      0
    ],
    [
      81,
      0
    ]
  ]
}