{
  "model": "tfidf_svm_smoke",
  "train_variant": "clean",
  "test_set": "bidwesh_noakhali",
  "tag": "smoke",
  "labels": [
    "not_hate",
    "hate"
  ],
  "n": 3000,
  "accuracy": 0.7426666666666667,
  "precision_macro": 0.746446855555015,
  "recall_macro": 0.7431462280252603,
  "f1_macro": 0.7419140881477053,
  "f1_weighted": 0.7418025950337851,
  "f1_not_hate": 0.7279774489076815,
  "f1_hate": 0.7558507273877293,
  "confusion_matrix": [
    [
      1033,
      479
    ],
    [
      293,
      1195
    ]
  ]
}