{
  "model": "majority",
  "train_variant": "clean",
  "test_set": "bidwesh",
  "tag": "full",
  "labels": [
    "not_hate",
    "hate"
  ],
  "n": 8987,
  "accuracy": 0.5063981306331368,
  "precision_macro": 0.2531990653165684,
  "recall_macro": 0.5,
  "f1_macro": 0.3361648692569065,
  "f1_weighted": 0.34046652275246053,
  "f1_not_hate": 0.672329738513813,
  "f1_hate": 0.0,
  "confusion_matrix": [
    [
      4551,
      0
    ],
    [
      4436,
      0
    ]
  ]
}