{
  "model": "tfidf_svm_smoke",
  "train_variant": "clean",
  "test_set": "bidwesh_barishal",
  "tag": "smoke",
  "labels": [
    "not_hate",
    "hate"
  ],
  "n": 2933,
  "accuracy": 0.7521309239686328,
  "precision_macro": 0.7562714752369925,
  "recall_macro": 0.7532525282971125,
  "f1_macro": 0.751612463951155,
  "f1_weighted": 0.7513996631977126,
  "f1_not_hate": 0.7402643801357628,
  "f1_hate": 0.7629605477665471,
  "confusion_matrix": [
    [
      1036,
      458
    ],
    [
      269,
      1170
    ]
  ]
}