{
  "model": "tfidf_svm_smoke",
  "train_variant": "clean",
  "test_set": "bidwesh",
  "tag": "smoke",
  "labels": [
    "not_hate",
    "hate"
  ],
  "n": 8987,
  "accuracy": 0.7330588628018249,
  "precision_macro": 0.7350166794740309,
  "recall_macro": 0.7336004492913596,
  "f1_macro": 0.7327689677329736,
  "f1_weighted": 0.7326563395812239,
  "f1_not_hate": 0.7239673225175469,
  "f1_hate": 0.7415706129484003,
  "confusion_matrix": [
    [
      3146,
      1405
    ],
    [
      994,
      3442
    ]
  ]
}