{
  "model": "banglabert",
  "train_variant": "augmented",
  "test_set": "augmented",
  "tag": "full",
  "labels": [
    "not_hate",
    "hate"
  ],
  "n": 5028,
  "accuracy": 0.9099045346062052,
  "precision_macro": 0.9097076223285196,
  "recall_macro": 0.9098838904495807,
  "f1_macro": 0.9097876297086707,
  "f1_weighted": 0.9099142228573821,
  "f1_not_hate": 0.9130351315031676,
  "f1_hate": 0.9065401279141737,
  "confusion_matrix": [
    [
      2378,
      234
    ],
    [
      219,
      2197
    ]
  ]
}