{
  "model": "tfidf_lr",
  "train_variant": "clean",
  "test_set": "bidwesh_noakhali",
  "tag": "full",
  "labels": [
    "not_hate",
    "hate"
  ],
  "n": 3000,
  "accuracy": 0.8706666666666667,
  "precision_macro": 0.8707098093248589,
  "recall_macro": 0.8707170592251238,
  "f1_macro": 0.8706666091851596,
  "f1_weighted": 0.870667298963244,
  "f1_not_hate": 0.8707528314457028,
  "f1_hate": 0.8705803869246164,
  "confusion_matrix": [
    [
      1307,
      205
    ],
    [
      183,
      1305
    ]
  ]
}