{
  "model": "tfidf_lr",
  "train_variant": "augmented",
  "test_set": "bidwesh_barishal",
  "tag": "full",
  "labels": [
    "not_hate",
    "hate"
  ],
  "n": 2933,
  "accuracy": 0.8929423798158882,
  "precision_macro": 0.8929222703441988,
  "recall_macro": 0.8928791375834587,
  "f1_macro": 0.8928990413777962,
  "f1_weighted": 0.8929394416166956,
  "f1_not_hate": 0.8950534759358288,
  "f1_hate": 0.8907446068197634,
  "confusion_matrix": [
    [
      1339,
      155
    ],
    [
      159,
      1280
    ]
  ]
}