{
  "model": "tfidf_lr_smoke",
  "train_variant": "clean",
  "test_set": "bidwesh_barishal",
  "tag": "smoke",
  "labels": [
    "not_hate",
    "hate"
  ],
  "n": 2933,
  "accuracy": 0.7589498806682577,
  "precision_macro": 0.7614499457483868,
  "recall_macro": 0.7598052622814631,
  "f1_macro": 0.7587124775643543,
  "f1_weighted": 0.7585705517957163,
  "f1_not_hate": 0.7511439633931715,
  "f1_hate": 0.7662809917355372,
  "confusion_matrix": [
    [
      1067,
      427
    ],
    [
      280,
      1159
    ]
  ]
}