{
  "model": "banglabert_smoke",
  "train_variant": "clean",
  "test_set": "augmented",
  "tag": "smoke",
  "labels": [
    "not_hate",
    "hate"
  ],
  "n": 500,
  "accuracy": 0.558,
  "precision_macro": 0.6288259165004471,
  "recall_macro": 0.5300912537754643,
  "f1_macro": 0.4326787318701065,
  "f1_weighted": 0.4497437556154537,
  "f1_not_hate": 0.6993197278911565,
  "f1_hate": 0.1660377358490566,
  "confusion_matrix": [
    [
      257,
      9
    ],
    [
      212,
      22
    ]
  ]
}