{
  "model": "xlm-roberta-base_smoke",
  "train_variant": "clean",
  "test_set": "bidwesh_barishal",
  "tag": "smoke",
  "labels": [
    "not_hate",
    "hate"
  ],
  "n": 164,
  "accuracy": 0.5182926829268293,
  "precision_macro": 0.25914634146341464,
  "recall_macro": 0.5,
  "f1_macro": 0.3413654618473896,
  "f1_weighted": 0.35385444215887946,
  "f1_not_hate": 0.6827309236947792,
  "f1_hate": 0.0,
  "confusion_matrix": [
    [
      85,
      0
    ],
    [
      79,
      0
    ]
  ]
}